drug_id,symptom_group,group_slot,index_key,canonical_name,smiles,target_label,family,pdb_id,het_id,state,anchor_mode,pocket_rule,tier,review_status,index_in_master,batch,notes
1,INFLAM,1,COX2,Ibuprofen,CC(C)Cc1ccc(cc1)C(C)C(=O)O,COX2,cyclooxygenase,5IKT,TLF,bound,direct,cocrystal_ligand:TLF,1,seed_ok,yes,01,CreaDrug24 seed
2,INFLAM,2,COX2_CLX,Celecoxib,CC1=CC=C(C=C1)C1=CC(=NN1C1=CC=C(C=C1)S(N)(=O)=O)C(F)(F)F,COX2,cyclooxygenase,3LN1,CLX,bound,direct,cocrystal_ligand:CLX,1,seed_ok,yes,01,CreaDrug24 seed
3,INFLAM,3,NEURAMINIDASE,Oseltamivir,CCOC(=O)C1=C[C@@H](OC(CC)CC)[C@@H](NC(C)=O)[C@@H](N)C1,Neuraminidase,hydrolase,2HU4,G39,bound,direct,cocrystal_ligand:G39,1,seed_ok,yes,01,CreaDrug24 seed
4,ONCO_CV,1,ABLABL,Imatinib,Cc1ccc(NC(=O)c2ccc(CN3CCN(C)CC3)cc2)cc1Nc1nccc(-c2cccnc2)n1,ABLABL,kinase,1IEP,STI,bound,direct,cocrystal_ligand:STI,1,seed_ok,yes,01,CreaDrug24 seed
5,INFLAM,4,DHFR,Methotrexate,CN(Cc1cnc2nc(N)nc(N)c2n1)c1ccc(C(=O)N[C@@H](CCC(=O)O)C(=O)O)cc1,DHFR,oxidoreductase,1U72,MTX,bound,direct,cocrystal_ligand:MTX,1,seed_ok,yes,01,CreaDrug24 seed
6,INFLAM,5,CYP51,Fluconazole,OC(Cn1cncn1)(Cn1cncn1)c1ccc(F)cc1F,CYP51,cytochrome_p450,4WMZ,FLC,bound,direct,cocrystal_ligand:FLC,1,seed_ok,yes,01,CreaDrug24 seed
7,ONCO_CV,2,PDE5,Sildenafil,CCCC1=NN(C)C(=O)c2[nH]c(-c3cc(S(=O)(=O)N4CCN(C)CC4)ccc3OCC)nc21,PDE5,phosphodiesterase,2H42,SLD,bound,direct,cocrystal_ligand:SLD,1,seed_ok,yes,01,CreaDrug24 seed
8,METABOLIC,1,CA2,Acetazolamide,CC(=O)Nc1nnc(S(N)(=O)=O)s1,CA2,metalloenzyme,3HS4,AZM,bound,direct,cocrystal_ligand:AZM,1,seed_ok,yes,01,CreaDrug24 seed
9,ONCO_CV,3,EGFR,Gefitinib,COc1cc2ncnc(Nc3ccc(F)c(Cl)c3)c2cc1OCCCN1CCOCC1,EGFR,kinase,4WKQ,IRE,bound,direct,cocrystal_ligand:IRE,1,seed_ok,yes,01,CreaDrug24 seed
10,ONCO_CV,4,VKOR,Warfarin,CC(=O)CC(c1ccccc1)c1c(O)c2ccccc2oc1=O,VKOR,oxidoreductase,6WV3,SWF,bound,direct,cocrystal_ligand:SWF,1,seed_ok,yes,01,CreaDrug24 seed
11,ONCO_CV,5,FKBP12_TACROLIMUS,Tacrolimus,C[C@@H]1C[C@@H]([C@@H]2[C@H](C[C@H]([C@@](O2)(C(=O)C(=O)N3CCCC[C@H]3C(=O)O[C@@H]([C@@H]([C@H](CC(=O)[C@@H](/C=C(/C1)\C)CC=C)O)C)/C(=C/[C@@H]4CC[C@H]([C@@H](C4)OC)O)/C)O)C)OC)OC,FKBP12,isomerase,1FKJ,FK5,bound,direct,cocrystal_ligand:FK5,1,seed_ok,yes,01,CreaDrug24 seed
12,INFLAM,6,DRD2_QUETIAPINE_PROXY,Quetiapine,C1CN(CCN1CCOCCO)C2=NC3=CC=CC=C3SC4=CC=CC=C42,DRD2,GPCR,6CM4,8NU,bound_proxy,proxy,surrogate_antipsychotic_ligand:8NU,2,seed_ok,yes,01,CreaDrug24 seed
13,ONCO_CV,6,EGFR_ERLOTINIB,Erlotinib,COCCOc1ccc2ncnc(Nc3cccc(c3)C#C)c2c1,EGFR,kinase,1M17,AQ4,bound,direct,cocrystal_ligand:AQ4,1,seed_ok,yes,01,CreaDrug24 seed
14,ONCO_CV,7,PDE5_VARDENAFIL,Vardenafil,CCCCC1=C2N(C)C(=O)N(C(C2=NC=C1S(=O)(=O)N3CCN(CC3)C)OCC)C,PDE5,phosphodiesterase,1UDT,VIA,bound,direct,cocrystal_ligand:VIA,1,seed_ok,yes,01,CreaDrug24 seed
15,ONCO_CV,8,FXA_APIXABAN,Apixaban,O=C(N)c1cnn2c1N(c1ccc(OC)cc1)CC(c1ccc(N3CCCCC3=O)cc1)=CC2=O,FACTOR_XA,serine_protease,2P16,GG2,bound,direct,cocrystal_ligand:GG2,1,seed_ok,yes,01,CreaDrug24 seed
16,ONCO_CV,9,FXA_RIVAROXABAN,Rivaroxaban,Clc1ccc(cc1)C2=C(CN3CCOCC3)N(C(=O)N[C@H]4CO[C@H](C4)c5ccc(s5)Cl)C(=O)N2,FACTOR_XA,serine_protease,2W26,RIV,bound,direct,cocrystal_ligand:RIV,1,seed_ok,yes,01,CreaDrug24 seed
17,ONCO_CV,10,HDAC2_VORINOSTAT,Vorinostat,O=C(NO)CCCCCCC(=O)Nc1ccccc1,HDAC2,histone_deacetylase,4LXZ,SHH,bound,direct,cocrystal_ligand:SHH,1,seed_ok,yes,01,CreaDrug24 seed
18,ONCO_CV,11,ABL_NILOTINIB,Nilotinib,CC1=NC(=CC(=N1)Nc2ccc(cc2)C(=O)Nc3cc(ccc3N4CCN(C)CC4)C(F)(F)F)C,ABL,kinase,3CS9,NIL,bound,direct,cocrystal_ligand:NIL,1,seed_ok,yes,01,CreaDrug24 seed
19,ONCO_CV,12,ABL_BOSUTINIB,Bosutinib,COc1cc2c(Nc3c(Cl)cc(c(c3Cl)OC)Cl)nc(C#N)cc2cc1OCCCN1CCN(C)CC1,ABL,kinase,3UE4,DB8,bound,direct,cocrystal_ligand:DB8,1,seed_ok,yes,01,CreaDrug24 seed
20,ONCO_CV,13,DDR1_PONATINIB,Ponatinib,Cc1cc(ccc1Nc2ncc(cn2)C#Cc3cnc4ccccc4n3)C(=O)Nc5ccc(cc5)CN6CCN(CC6)C,DDR1,kinase,3ZOS,0LI,bound,direct,cocrystal_ligand:0LI,1,seed_ok,yes,01,CreaDrug24 seed
21,INFLAM,7,PDE4D_CILOMILAST,Cilomilast,COc1ccc(cc1OC2CCCC2)C3(CCC(CC3)C(=O)O)C#N,PDE4D,phosphodiesterase,1XOM,CIO,bound,direct,cocrystal_ligand:CIO,1,seed_ok,yes,01,CreaDrug24 seed
22,INFLAM,8,PDE4D_ROFLUMILAST,Roflumilast,c1cc(c(cc1C(=O)Nc2c(cncc2Cl)Cl)OCC3CC3)OC(F)F,PDE4D,phosphodiesterase,3G4L,ROF,bound,direct,cocrystal_ligand:ROF,1,seed_ok,yes,01,CreaDrug24 seed
23,METABOLIC,2,DPP4_ALOGLIPTIN,Alogliptin,CN1C(=O)C=C(N(C1=O)Cc2ccccc2C#N)N3CCC[C@H](C3)N,DPP4,serine_protease,2ONC,SY1,bound,direct,cocrystal_ligand:SY1,1,seed_ok,yes,01,CreaDrug24 seed
24,METABOLIC,3,DPP4_LINAGLIPTIN,Linagliptin,CC#CCn1c2c(nc1N3CCC[C@H](C3)N)N(C(=O)N(C2=O)Cc4nc(c5ccccc5n4)C)C,DPP4,serine_protease,2RGU,356,bound,direct,cocrystal_ligand:356,1,seed_ok,yes,01,CreaDrug24 seed
25,METABOLIC,4,AMPK_METFORMIN_PROXY,Metformin,CN(C)C(=N)NC(=N)N,AMPK,kinase,4CFE,992,bound_proxy,proxy,surrogate_activator_ligand:992,2,seed_ok,yes,01,Proxy ADaM pocket; M4 must select 992 not STU
26,METABOLIC,5,SITAGLIPTIN_DPP4,Sitagliptin,C1CN2C(=NN=C2C(F)(F)F)CN1C(=O)C[C@@H](CC3=CC(=C(C=C3F)F)F)N,DPP4,serine_protease,1X70,715,bound,direct,cocrystal_ligand:715,1,seed_ok,yes,01,Direct DPP4-sitagliptin cocrystal (1X70)
27,METABOLIC,6,ATORVASTATIN_HMGCR_PROXY,Atorvastatin,CC(C)C1=C(C(=C(N1CCC(CC(CC(=O)O)O)O)C2=CC=C(C=C2)F)C3=CC=CC=C3)C(=O)NC4=CC=CC=C4,HMGCR,oxidoreductase,1HWK,117,bound,direct,cocrystal_ligand:117,1,seed_ok,yes,01,Direct HMGCR-atorvastatin cocrystal (1HWK); index_key retains _PROXY legacy name
28,INFLAM,9,ASPIRIN_COX2,Aspirin,CC(=O)OC1=CC=CC=C1C(=O)O,COX2,cyclooxygenase,5IKT,TLF,bound,direct,cocrystal_ligand:TLF,1,seed_ok,yes,01,COX-2 NSAID pocket via 5IKT flurbiprofen (TLF); paired with Ibuprofen entry
29,METABOLIC,7,OMEPRAZOLE_CYP2C19,Omeprazole,CC1=CN=C(C(=C1OC)C)CS(=O)C2=NC3=C(N2)C=C(C=C3)OC,CYP2C19,cytochrome_p450,4GQS,0XV,bound_proxy,proxy,surrogate_inhibitor_ligand:0XV,2,seed_ok,yes,01,Human CYP2C19 (4GQS); co-crystal ligand 0XV is inhibitor not omeprazole (substrate)
30,METABOLIC,8,AMLODIPINE_CACNA1C_PROXY,Amlodipine,CCOC(=O)C1=C(NC(=C(C1C2=CC=CC=C2Cl)C(=O)OC)C)COCCN,CACNA1C,ion_channel,8WE8,6UB,bound,direct,cocrystal_ligand:6UB,1,seed_ok,yes,01,Human Cav1.2 cryo-EM (8WE8) with amlodipine (6UB) in DHP blocker site
31,METABOLIC,9,LOSARTAN_AT1R_PROXY,Losartan,CCCC1=NC(=C(N1CC2=CC=C(C=C2)C3=CC=CC=C3C4=NNN=N4)C)C(=O)O,AT1R,gpcr,4ZUD,OLM,bound_proxy,proxy,surrogate_arb_ligand:OLM,2,seed_ok,yes,02,"Human AT1R (4ZUD); co-crystal OLM is olmesartan, not losartan"
32,METABOLIC,10,ROSUVASTATIN_HMGCR,Rosuvastatin,CC(C)C1=NC(=NC=C1C(C)C)C(=O)NC2=CC=C(C=C2)C(F)(F)F,HMGCR,oxidoreductase,3B7Q,6PL,bound,direct,cocrystal_ligand:6PL,1,seed_ok,yes,02,HMG-CoA reductase rosuvastatin analog (3B7Q/6PL)
33,METABOLIC,11,SIMVASTATIN_HMGCR,Simvastatin,CCC(C)(C)C(=O)OC1CC(C)=C/2C=CC(C)C(CCC(C)3CC(C)C(C=CC)O3)C2C1,HMGCR,oxidoreductase,1HW9,SIM,bound,direct,cocrystal_ligand:SIM,1,seed_ok,yes,02,Direct HMGCR-simvastatin (1HW9/SIM)
34,METABOLIC,12,PIOGLITAZONE_PPARgamma_PROXY,Pioglitazone,CCNC(=O)C1=CC=C(C=C1)CCOC2=CC=C(C=C2)CC3S(=O)(=O)NC4=CC=CC=C43,PPARG,nuclear_receptor,2PRG,BRL,bound_proxy,proxy,surrogate_tzd_ligand:BRL,2,seed_ok,yes,02,"PPARgamma TZD scaffold (2PRG/BRL), not pioglitazone co-crystal"
35,METABOLIC,13,EMPAGLIFLOZIN_SGLT2,Empagliflozin,OC[C@H]1O[C@H]([C@H](O)[C@@H](O)[C@@H]1O)C1=CC=C(Cl)C(CC2=CC=C(C=C2)OCC2CC2)=C1,SGLT2,membrane_transporter,7VSI,7R3,bound,direct,cocrystal_ligand:7R3,1,seed_ok,yes,02,SGLT2 inhibitor bound state (7VSI/7R3)
36,METABOLIC,14,SAXAGLIPTIN_DPP4,Saxagliptin,C1CC(OC1)C2=NC(=NN2C)C(=O)N[C@@H]3CC=CC=C3N,DPP4,serine_protease,3C43,315,bound,direct,cocrystal_ligand:315,1,seed_ok,yes,02,Direct DPP4-saxagliptin analog (3C43/315)
37,METABOLIC,15,LANSOPRAZOLE_CYP2C19,Lansoprazole,CC1=C(OCC(F)(F)F)C=CN=C1CS(=O)C2=NC3=CC=CC=C3N2,CYP2C19,cytochrome_p450,4GQS,0XV,bound_proxy,proxy,surrogate_inhibitor_ligand:0XV,2,seed_ok,yes,02,Human CYP2C19 template; 0XV is inhibitor not lansoprazole
38,METABOLIC,16,METOPROLOL_ADRB1_PROXY,Metoprolol,COCCC1=CC=C(C=C1)OCC(O)CNC(C)C,ADRB1,gpcr,2Y02,WHJ,bound_proxy,proxy,surrogate_beta1_ligand:WHJ,2,seed_ok,yes,02,Beta-1 adrenergic receptor; WHJ is carmoterol surrogate
39,METABOLIC,17,FENOFIBRATE_PPARalpha,Fenofibrate,CC(C)OC(=O)C(C)(C)OC1=CC=C(C=C1)C(=O)C2=CC=C(C=C2)Cl,PPARA,nuclear_receptor,1K74,544,bound,direct,cocrystal_ligand:544,1,seed_ok,yes,02,PPARalpha fenofibric acid analog (1K74/544)
40,METABOLIC,18,HYDROCHLOROTHIAZIDE_CA2_PROXY,Hydrochlorothiazide,C1NC2=CC(=C(C=C2S(=O)(=O)N1)S(=O)(=O)N)Cl,CA2,metalloenzyme,3HS4,AZM,bound_proxy,proxy,surrogate_ca2_ligand:AZM,2,seed_ok,yes,02,CA2 pocket template via acetazolamide; thiazide mechanism differs
41,INFLAM,10,DICLOFENAC_COX2,Diclofenac,C1=CC=C(C(=C1)CC(=O)O)NC2=C(C=CC=C2Cl)Cl,COX2,cyclooxygenase,5IKR,ID8,bound,direct,cocrystal_ligand:ID8,1,seed_ok,yes,02,COX-2 diclofenac analog co-crystal (5IKR/ID8)
42,INFLAM,11,NAPROXEN_COX2,Naproxen,COC1=CC2=C(C=C1)C=C(C=C2)C(C)C(=O)O,COX2,cyclooxygenase,5IKT,TLF,bound,direct,cocrystal_ligand:TLF,2,seed_ok,yes,02,NSAID pocket via 5IKT/TLF template; naproxen is not co-crystal ligand
43,INFLAM,12,MELOXICAM_COX2_PROXY,Meloxicam,CC1=NC(=C(C(=O)N1S(=O)(=O)C2=NC=C(C)C(=O)N2C)C)C3=CC=C(C=C3)N,COX2,cyclooxygenase,5IKR,ID8,bound_proxy,proxy,surrogate_nsaid_ligand:ID8,2,seed_ok,yes,02,COX-2 pocket via diclofenac analog site (5IKR/ID8)
44,INFLAM,13,HYDROXYCHLOROQUINE_LYSO_PROXY,Hydroxychloroquine,CCN(CC)CCCC(C)NC1=C2C=CC(=CC2=NC=C1)Cl,LYSOSOMAL,membrane,4MLN,ODV,bound_proxy,proxy,surrogate_lysosomal_ligand:ODV,2,seed_ok,yes,02,Exploratory lysosomal/endosomal template; not direct HCQ co-crystal
45,INFLAM,14,MONTELUKAST_CYSLT1_PROXY,Montelukast,CC(C)(O)C1=CC=C(C=C1)C(C)CC2=CC=C(C=C2)C3=CC=CC=C3,CYSLT1,gpcr,6RZ4,KNT,bound_proxy,proxy,surrogate_cyslt_ligand:KNT,2,seed_ok,yes,02,CysLT receptor; KNT is pranlukast surrogate (6RZ4)
46,INFLAM,15,ALBUTEROL_ADRB2_PROXY,Albuterol,CC(C)(C)NCC(O)C1=CC(=C(C=C1)O)CO,ADRB2,gpcr,2Y00,Y00,bound_proxy,proxy,surrogate_beta2_ligand:Y00,2,seed_ok,yes,02,Beta-2 receptor; Y00 is dobutamine surrogate (2Y00)
47,INFLAM,16,CIPROFLOXACIN_GYRASE,Ciprofloxacin,C1CC1N2C=C(C(=O)C3=CC(=C(C=C32)F)N4CCNCC4)C(=O)O,DNA_GYRASE,hydrolase,2XCT,CPF,bound,direct,cocrystal_ligand:CPF,1,seed_ok,yes,02,DNA gyrase-ciprofloxacin (2XCT/CPF)
48,INFLAM,17,PREDNISONE_NR3C1_PROXY,Prednisone,CC1=CC(=O)C2=C(C1=O)C=CC3C2CCC4(C3CCC4(C(=O)CO)O)C,NR3C1,nuclear_receptor,1M2Z,DEX,bound_proxy,proxy,surrogate_glucocorticoid_ligand:DEX,2,seed_ok,yes,02,Glucocorticoid receptor; DEX is dexamethasone surrogate
49,INFLAM,18,ACETAMINOPHEN_COX2_PROXY,Acetaminophen,CC(=O)NC1=CC=C(C=C1)O,COX2,cyclooxygenase,5IKT,TLF,bound_proxy,proxy,surrogate_nsaid_ligand:TLF,2,seed_ok,yes,02,COX pocket template via 5IKT/TLF; acetaminophen COX mechanism debated
50,INFLAM,19,FLUOXETINE_SERT_PROXY,Fluoxetine,CNCCC(C1=CC=CC=C1)OC2=CC=C(C=C2)C(F)(F)F,SERT,membrane_transporter,5I6X,8PR,bound_proxy,proxy,surrogate_ssri_ligand:8PR,2,seed_ok,yes,02,SERT template; 8PR is paroxetine surrogate (5I6X)
51,ONCO_CV,14,DASATINIB_ABL,Dasatinib,CC1=NC(=C(C=C1)NC(=O)C2=CC=C(C=C2)CN3CCN(CC3)CCO)C4=CC=CC=N4,ABL,kinase,2GQG,1N1,bound,direct,cocrystal_ligand:1N1,1,seed_ok,yes,02,ABL-dasatinib co-crystal (2GQG/1N1)
52,ONCO_CV,15,SUNITINIB_VEGFR2,Sunitinib,CCN(CC)CCNC(=O)C1=C(C)NC(=C1C)C(=O)C2=CC=C(C=C2)F,VEGFR2,kinase,3G5E,Q74,bound,direct,cocrystal_ligand:Q74,1,seed_ok,yes,02,VEGFR2-sunitinib analog (3G5E/Q74)
53,ONCO_CV,16,LAPATINIB_EGFR,Lapatinib,CS(=O)(=O)CCNCC1=CC=C(O1)C2=CC3=C(C=C2)N=CN=C3NC4=CC(=C(C=C4)C(F)(F)F)OCC5=CC(=CC=C5)Cl,EGFR,kinase,1XKK,FMM,bound,direct,cocrystal_ligand:FMM,1,seed_ok,yes,02,EGFR-lapatinib (1XKK/FMM)
54,ONCO_CV,17,PALBOCICLIB_CDK6,Palbociclib,CC(=O)NC1=NC2=C(C=C(N2)C3=CC=C(N3C)C(F)(F)F)C(=N1)N4CCNCC4,CDK6,kinase,5L2I,LQQ,bound,direct,cocrystal_ligand:LQQ,1,seed_ok,yes,02,CDK6-palbociclib (5L2I/LQQ)
55,ONCO_CV,18,TRAMETINIB_MEK1,Trametinib,CN1C(=O)C(C)=C(N1C)N2C(=O)N(C)C(=O)C2=C(C)NC3=CC=C(I)C=C3F,MEK1,kinase,7JUX,QOM,bound,direct,cocrystal_ligand:QOM,1,seed_ok,yes,02,MEK1-trametinib (7JUX/QOM)
56,ONCO_CV,19,LETROZOLE_CYP19,Letrozole,C1=CC(=CC=C1CN2C(=NC=C2C(C)(C)C)C3=CC=C(C=C3)C#N)C#N,CYP19A1,cytochrome_p450,1E3Q,EBW,bound,direct,cocrystal_ligand:EBW,1,seed_ok,yes,02,Aromatase-letrozole analog (1E3Q/EBW)
57,ONCO_CV,20,ANASTROZOLE_CYP19,Anastrozole,CC(C)(C)C1=CC(=CC(=C1)CN2C=NC3=CC=C(C=C3N2)C#N)C#N,CYP19A1,cytochrome_p450,3S7S,EXM,bound,direct,cocrystal_ligand:EXM,1,seed_ok,yes,02,Aromatase-anastrozole (3S7S/EXM)
58,ONCO_CV,21,VENETOCLAX_BCL2,Venetoclax,CC1=CC(=CC(=C1)C2=CC(=NC=C2)C3=CC(=C(C=C3)OC)Cl)C4=CC(=CC(=C4)C5=CC(=CC(=C5)C(=O)N6CCN(CC6)C)OC)C,BCL2,apoptosis_regulator,6O0K,LBM,bound,direct,cocrystal_ligand:LBM,1,seed_ok,yes,02,BCL2-venetoclax (6O0K/LBM)
59,ONCO_CV,22,DABRAFENIB_BRAF,Dabrafenib,CC(C)(C)C1=NC(=C(S1)C2=NC=CC=N2)C3=C(C=CC(=C3)NS(=O)(=O)C4=CC=C(C=C4)N)F,BRAF,kinase,4XV2,P06,bound,direct,cocrystal_ligand:P06,1,seed_ok,yes,02,BRAF-dabrafenib (4XV2/P06)
60,ONCO_CV,23,CARVEDILOL_ADRB1_PROXY,Carvedilol,COC1=CC=CC=C1OCCNCC(O)COC2=CC=CC3=C2C4=CC=CC=C4N3,ADRB1,gpcr,2Y03,5FW,bound_proxy,proxy,surrogate_beta1_ligand:5FW,2,seed_ok,yes,02,Beta-1 receptor; 5FW is isoproterenol surrogate (2Y03)
61,METABOLIC,19,GLIPIZIDE_KATP_PROXY,Glipizide,CC1=NC(=C(C(=N1)C)C(=O)NCCC2=CC=C(C=C2)C(=O)O)C,KATP,ion_channel,3SYQ,GBL,bound_proxy,proxy,surrogate_sulfonylurea_ligand:GBL,2,seed_ok,yes,03,KATP SUR1-Kir6.2; GBL is glibenclamide surrogate (3SYQ)
62,METABOLIC,20,REPAGLINIDE_KATP,Repaglinide,CCOC1=CC(=CC(=C1OCC)CC(=O)N)C2=CC=CC=C2N2CCC(CC2)C(=O)O,KATP,ion_channel,3VE0,REP,bound,direct,cocrystal_ligand:REP,1,seed_ok,yes,03,Direct KATP-repaglinide co-crystal (3VE0/REP)
63,METABOLIC,21,CANAGLIFLOZIN_SGLT2,Canagliflozin,CC1=CC=C(C=C1)C2=CC(=C(C=C2)Cl)C3=CC(=C(C=C3)F)C(=O)N[C@H]4[C@@H]([C@H]([C@@H]([C@H](O4)CO)O)O)O,SGLT2,membrane_transporter,7VSL,5ZI,bound,direct,cocrystal_ligand:5ZI,1,seed_ok,yes,03,SGLT2-canagliflozin bound state (7VSL/5ZI)
64,METABOLIC,22,DAPAGLIFLOZIN_SGLT2,Dapagliflozin,CCOC1=CC=C(C=C1)CC2=C(C=CC(=C2)Cl)C3=CC(=C(C=C3)F)C(=O)N[C@H]4[C@@H]([C@H]([C@@H]([C@H](O4)CO)O)O)O,SGLT2,membrane_transporter,6VBL,DAP,bound,direct,cocrystal_ligand:DAP,1,seed_ok,yes,03,SGLT2-dapagliflozin co-crystal (6VBL/DAP)
65,METABOLIC,23,EZETIMIBE_NPC1L1,Ezetimibe,CC1=CC=C(C=C1)C2=CC(=NN2C3=CC=C(C=C3)F)C(F)(F)F,NPC1L1,membrane_transporter,3QNT,EZE,bound,direct,cocrystal_ligand:EZE,1,seed_ok,yes,03,NPC1L1-ezetimibe co-crystal (3QNT/EZE)
66,METABOLIC,24,PRAVASTATIN_HMGCR_PROXY,Pravastatin,CC(C)C(=O)OC1CC(C)C2CC(=O)C3(C)C(O)CC(C)(C)C3C2C1C(=O)O,HMGCR,oxidoreductase,1HW9,SIM,bound_proxy,proxy,surrogate_statin_ligand:SIM,2,seed_ok,yes,03,HMGCR statin pocket via simvastatin site (1HW9/SIM); pravastatin not co-crystal ligand
67,METABOLIC,25,LOVASTATIN_HMGCR,Lovastatin,CCC(C)(C)C(=O)OC1CC(C)C2CC(=O)C3(C)C(O)CC(C)(C)C3C2C1,HMGCR,oxidoreductase,1HW8,MVA,bound,direct,cocrystal_ligand:MVA,1,seed_ok,yes,03,HMGCR-mevastatin/lovastatin family co-crystal (1HW8/MVA)
68,METABOLIC,26,VALSARTAN_AT1R_PROXY,Valsartan,CC(C)C(=O)OCC1=CC=C(C=C1)C2=CC=CC=C2C3=NNN=N3,AT1R,gpcr,4ZUD,OLM,bound_proxy,proxy,surrogate_arb_ligand:OLM,2,seed_ok,yes,03,"Human AT1R (4ZUD); OLM is olmesartan surrogate, not valsartan"
69,METABOLIC,27,SPIRONOLACTONE_NR3C2,Spironolactone,CCSC1=CC2=C(C=C1)C(=O)CC2,NR3C2,nuclear_receptor,2AA2,SPI,bound,direct,cocrystal_ligand:SPI,1,seed_ok,yes,03,Mineralocorticoid receptor-spironolactone (2AA2/SPI)
70,METABOLIC,28,PROPRANOLOL_ADRB1_PROXY,Propranolol,CC(C)NCC(C1=CC=CC=C1)O,ADRB1,gpcr,2Y02,WHJ,bound_proxy,proxy,surrogate_beta1_ligand:WHJ,2,seed_ok,yes,03,Beta-1 adrenergic receptor; WHJ is carmoterol surrogate (2Y02)
71,INFLAM,20,INDOMETHACIN_COX2_PROXY,Indomethacin,CC1=C(C2=C(N1C(=O)C3=CC=CC=C3)C=CC(=C2)OC)C(=O)O,COX2,cyclooxygenase,5IKR,ID8,bound_proxy,proxy,surrogate_nsaid_ligand:ID8,2,seed_ok,yes,03,COX-2 pocket via diclofenac analog site (5IKR/ID8)
72,INFLAM,21,KETOROLAC_COX2,Ketorolac,C1CCN(CC1)C(=O)C2=CC=CC=C2C3=CC=CC=C3C(=O)O,COX2,cyclooxygenase,1Q4G,KRL,bound,direct,cocrystal_ligand:KRL,1,seed_ok,yes,03,COX-2-ketorolac co-crystal (1Q4G/KRL)
73,INFLAM,22,PIROXICAM_COX2_PROXY,Piroxicam,CN1C(=C(C2=CC=CC=C2S1(=O)=O)C(=O)N)C3=CC=CC=N3,COX2,cyclooxygenase,5IKT,TLF,bound_proxy,proxy,surrogate_nsaid_ligand:TLF,2,seed_ok,yes,03,COX pocket via flurbiprofen template (5IKT/TLF)
74,INFLAM,23,AZITHROMYCIN_RIBOSOME,Azithromycin,CC1C(C(C=C(O1)C)OC2C(C(CC(O2)C)N(C)C)O)C(=O)C=CC(C)(C)OC3C(C(C(C(O3)C)O)N(C)C)O,RIBOSOME_50S,ribosome,1YII,AZI,bound,direct,cocrystal_ligand:AZI,1,seed_ok,yes,03,50S ribosome-azithromycin (1YII/AZI)
75,INFLAM,24,AMOXICILLIN_PBP_PROXY,Amoxicillin,CC1(C(N2C(S1)C(C2=O)NC(=O)C(C3=CC=C(C=C3)O)N)C(=O)O)O,PBP,hydrolase,1PWP,PG2,bound_proxy,proxy,surrogate_beta_lactam_ligand:PG2,2,seed_ok,yes,03,Penicillin-binding protein template; PG2 is penicillin G surrogate (1PWP)
76,INFLAM,25,DOXYCYCLINE_RIBOSOME,Doxycycline,CC1(C2CC3C(C(=O)C(=C(C3(C(=O)C2=C(C(=O)C1=O)O)O)O)C(=O)N)O,RIBOSOME_30S,ribosome,1HNW,DOX,bound,direct,cocrystal_ligand:DOX,1,seed_ok,yes,03,30S ribosome-doxycycline (1HNW/DOX)
77,INFLAM,26,LEVOFLOXACIN_GYRASE,Levofloxacin,C1CC1N2C=C(C(=O)C3=CC(=C(C=C32)F)N4CCNCC4)C(=O)O,DNA_GYRASE,hydrolase,2XCT,CPF,bound_proxy,proxy,surrogate_fluoroquinolone_ligand:CPF,2,seed_ok,yes,03,DNA gyrase fluoroquinolone pocket via ciprofloxacin (2XCT/CPF)
78,INFLAM,27,TRIMETHOPRIM_DHFR,Trimethoprim,COC1=CC(=CC(=C1OC)OC)CC2=CN=C(N=C2N)N,DHFR,oxidoreductase,2W9G,TMP,bound,direct,cocrystal_ligand:TMP,1,seed_ok,yes,03,DHFR-trimethoprim co-crystal (2W9G/TMP)
79,INFLAM,28,SERTRALINE_SERT_PROXY,Sertraline,CN[C@@H]1CC[C@@H](C2=CC=CC=C12)C3=CC(=C(C=C3)Cl)Cl,SERT,membrane_transporter,5I6X,8PR,bound_proxy,proxy,surrogate_ssri_ligand:8PR,2,seed_ok,yes,03,SERT template; 8PR is paroxetine surrogate (5I6X)
80,INFLAM,29,PAROXETINE_SERT,Paroxetine,C1CNCC(C1C2=CC=C(C=C2)F)COC3=CC=CC4=CC=CC=C43,SERT,membrane_transporter,5I6X,8PR,bound,direct,cocrystal_ligand:8PR,1,seed_ok,yes,03,Direct SERT-paroxetine co-crystal (5I6X/8PR)
81,ONCO_CV,24,OSIMERTINIB_EGFR,Osimertinib,COC1=C(C=C2C(=C1)N=CN=C2NC3=CC(=C(C=C3)F)Cl)NC(=O)C=C,EGFR,kinase,5XGN,OSS,bound,direct,cocrystal_ligand:OSS,1,seed_ok,yes,03,EGFR-osimertinib co-crystal (5XGN/OSS)
82,ONCO_CV,25,AFATINIB_EGFR,Afatinib,CN(C)C/C=C/C(=O)NC1=C(C=C2C(=C1)C(=NC=N2)NC3=CC(=C(C=C3)F)Cl)OCCCN4CCOCC4,EGFR,kinase,4G5J,AFT,bound,direct,cocrystal_ligand:AFT,1,seed_ok,yes,03,EGFR-afatinib co-crystal (4G5J/AFT)
83,ONCO_CV,26,SORAFENIB_BRAF,Sorafenib,CNC(=O)C1=NC=CC(=C1)OC2=CC=C(C=C2)NC(=O)NC3=CC(=C(C=C3)Cl)C(F)(F)F,BRAF,kinase,3OG7,SOR,bound,direct,cocrystal_ligand:SOR,1,seed_ok,yes,03,BRAF-sorafenib co-crystal (3OG7/SOR)
84,ONCO_CV,27,CABOZANTINIB_MET,Cabozantinib,COC1=CC2=C(C=C1OC)C(=C(C=N2)C(=O)N)C3=CC=C(C=C3)F,MET,kinase,4O1B,X87,bound,direct,cocrystal_ligand:X87,1,seed_ok,yes,03,MET kinase-cabozantinib analog (4O1B/X87)
85,ONCO_CV,28,IBRUTINIB_BTK,Ibrutinib,C1=CC(=CC=C1C2=NC(=CN2)C3=CC(=C(C=C3)OC)OC)C(=O)NC4=CC=CC=C4,BTK,kinase,4O5B,PPI,bound,direct,cocrystal_ligand:PPI,1,seed_ok,yes,03,BTK-ibrutinib co-crystal (4O5B/PPI)
86,ONCO_CV,29,OLAPARIB_PARP,Olaparib,CC1=CC(=CC(=C1)C2=CC(=NN2)C3=CC(=C(C=C3)F)F)C(=O)N,PARP1,oxidoreductase,5DS5,OL0,bound,direct,cocrystal_ligand:OL0,1,seed_ok,yes,03,PARP1-olaparib co-crystal (5DS5/OL0)
87,ONCO_CV,30,RUXOLITINIB_JAK2,Ruxolitinib,C1CCC(CC1)N2C3=NC=NC(=C3C(=N2)C4=CC=CC=C4)N,JAK2,kinase,4IVC,RUX,bound,direct,cocrystal_ligand:RUX,1,seed_ok,yes,03,JAK2-ruxolitinib co-crystal (4IVC/RUX)
88,ONCO_CV,31,ENZALUTAMIDE_AR,Enzalutamide,C1CC(=O)NC(=O)C1N2C(=O)C3=CC=CC=C3C2=O,AR,nuclear_receptor,3R5W,ENZ,bound,direct,cocrystal_ligand:ENZ,1,seed_ok,yes,03,Androgen receptor-enzalutamide (3R5W/ENZ)
89,ONCO_CV,32,TAMOXIFEN_ESR1,Tamoxifen,CC/C(=C(\C1=CC=CC=C1)/C2=CC=C(C=C2)OCCN(C)C)/C3=CC=CC=C3,ESR1,nuclear_receptor,3ERT,4HT,bound_proxy,proxy,surrogate_estrogen_ligand:4HT,2,seed_ok,yes,03,Estrogen receptor template; 4HT is 4-hydroxytamoxifen surrogate (3ERT)
90,ONCO_CV,33,TICAGRELOR_P2Y12,Ticagrelor,CC1=CC(=C(C(=C1)C2=CC(=C(C=C2)C3=CC=CC=C3)C(=O)N)O)C4=CC=CC=C4,P2Y12,gpcr,4PY0,TIC,bound,direct,cocrystal_ligand:TIC,1,seed_ok,yes,03,P2Y12 receptor-ticagrelor co-crystal (4PY0/TIC)
91,METABOLIC,29,GLIMEPIRIDE_KATP_PROXY,Glimepiride,CCC1(C(=O)N(C2=C1C=C(C=C2)C(F)(F)F)C(=O)NCCC3=CC=C(C=C3)S(=O)(=O)NC(=O)NC4CCCCC4)C,KATP,ion_channel,3SYQ,GBL,bound_proxy,proxy,surrogate_sulfonylurea_ligand:GBL,2,seed_ok,yes,04,KATP SUR1-Kir6.2; GBL is glibenclamide surrogate (3SYQ)
92,METABOLIC,30,MIGLITOL_GLUCOSIDASE,Miglitol,C[C@H]([C@@H]([C@H]([C@@H](CO)O)O)O)N,ALPHA_GLUCOSIDASE,hydrolase,2BB0,MIG,bound,direct,cocrystal_ligand:MIG,1,seed_ok,yes,04,Alpha-glucosidase-miglitol co-crystal (2BB0/MIG)
93,METABOLIC,31,ACARBOSE_GLUCOSIDASE,Acarbose,CC1C2C(C(C(C(O2)OC3C4(C(C(C(C4(C(C3O)O)O)O)OC5C(C(C(C(O5)CO)O)O)O)OC6C(C(C(C(O6)CO)O)O)O)O)O)O)NC1=O,ALPHA_GLUCOSIDASE,hydrolase,2QV4,ACA,bound,direct,cocrystal_ligand:ACA,1,seed_ok,yes,04,Maltase-acarbose co-crystal (2QV4/ACA)
94,METABOLIC,32,GEMFIBROZIL_PPARalpha_PROXY,Gemfibrozil,CC1=CC(=CC(=C1)C(C)C(=O)O)C(C)C,PPARA,nuclear_receptor,1K74,544,bound_proxy,proxy,surrogate_fibrate_ligand:544,2,seed_ok,yes,04,PPARalpha fibrate pocket via fenofibric acid analog (1K74/544)
95,METABOLIC,33,ALLOPURINOL_XDH,Allopurinol,C1=NC2=C(C(=O)N1)C(=O)NC=N2,XDH,oxidoreductase,3NTZ,ALP,bound,direct,cocrystal_ligand:ALP,1,seed_ok,yes,04,Xanthine oxidase-allopurinol analog (3NTZ/ALP)
96,METABOLIC,34,FEBUXOSTAT_XDH,Febuxostat,CC(C)C1=NC(=CS1)C2=C(C=C(C=C2)C(F)(F)F)C(=O)O,XDH,oxidoreductase,3EY8,FEB,bound,direct,cocrystal_ligand:FEB,1,seed_ok,yes,04,Xanthine oxidase-febuxostat co-crystal (3EY8/FEB)
97,METABOLIC,35,BISOPROLOL_ADRB1_PROXY,Bisoprolol,CC(C)NCC(COC1=CC=C(C=C1)COCCOC(C)C)O,ADRB1,gpcr,2Y02,WHJ,bound_proxy,proxy,surrogate_beta1_ligand:WHJ,2,seed_ok,yes,04,Beta-1 adrenergic receptor; WHJ is carmoterol surrogate (2Y02)
98,METABOLIC,36,NIFEDIPINE_CACNA1C,Nifedipine,COC1=CC(=CC(=C1)C2=CC(=C(C(=C2)C(=O)OC)C(=O)OC)C)C,CACNA1C,ion_channel,8WE8,6UB,bound_proxy,proxy,surrogate_dhp_ligand:6UB,2,seed_ok,yes,04,Cav1.2 DHP blocker site via amlodipine template (8WE8/6UB); nifedipine not co-crystal ligand
99,METABOLIC,37,VERAPAMIL_CACNA1C_PROXY,Verapamil,CC(C)N(CCC(C#N)(C1=CC=CC=C1)C2=CC(=C(C=C2)OC)OC)C(C)C,CACNA1C,ion_channel,8WE8,6UB,bound_proxy,proxy,surrogate_dhp_ligand:6UB,2,seed_ok,yes,04,Cav1.2 channel template; phenylalkylamine mechanism differs from DHP site
100,METABOLIC,38,PANTOPRAZOLE_CYP2C19_PROXY,Pantoprazole,CC1=C(C(=NC=C1S(=O)C2=NC3=CC=CC=C3N2)C)OC(F)F,CYP2C19,cytochrome_p450,4GQS,0XV,bound_proxy,proxy,surrogate_inhibitor_ligand:0XV,2,seed_ok,yes,04,"Human CYP2C19 (4GQS); 0XV is inhibitor surrogate, not pantoprazole"
101,INFLAM,30,COLCHICINE_TUBULIN,Colchicine,COC1=CC2=C(C=C1OC)C3=CC(=C(C=C3C(C2)NC(=O)C4=CC=CC=C4)OC)OC,TUBULIN,cytoskeletal,1BT6,COL,bound,direct,cocrystal_ligand:COL,1,seed_ok,yes,04,Tubulin-colchicine co-crystal (1BT6/COL)
102,INFLAM,31,SULINDAC_COX2_PROXY,Sulindac,CC1=C(C2=CC=CC=C2S(=O)(=O)C1)CC(=O)O,COX2,cyclooxygenase,5IKR,ID8,bound_proxy,proxy,surrogate_nsaid_ligand:ID8,2,seed_ok,yes,04,COX-2 pocket via diclofenac analog site (5IKR/ID8)
103,INFLAM,32,GABAPENTIN_CACNA2D_PROXY,Gabapentin,C1CCC(CC1)C(CC(=O)O)N,CACNA2D,ion_channel,5E6I,GBP,bound_proxy,proxy,surrogate_gabapentinoid_ligand:GBP,2,seed_ok,yes,04,Alpha2delta subunit exploratory template (5E6I); binding site debated
104,INFLAM,33,CARBAMAZEPINE_NAV_PROXY,Carbamazepine,NC(=O)N1C2=CC=CC=C2C=CC3=CC=CC=C31,SCN,ion_channel,5E6I,GBP,bound_proxy,proxy,surrogate_anticonvulsant_ligand:GBP,2,seed_ok,yes,04,Exploratory voltage-gated channel template; carbamazepine mechanism is Na+ channel
105,INFLAM,34,VALPROIC_ACID_HDAC_PROXY,Valproic acid,CCCC(CCC)C(=O)O,HDAC,histone_deacetylase,4LXZ,SHH,bound_proxy,proxy,surrogate_hdac_ligand:SHH,2,seed_ok,yes,04,HDAC pocket template via vorinostat site (4LXZ/SHH); VPA also has GABAergic mechanism
106,INFLAM,35,METRONIDAZOLE_NITROREDUCTASE,Metronidazole,CC1=C(C(=O)N1)CCN2CCOCC2,NITROREDUCTASE,oxidoreductase,1MNU,MET,bound,direct,cocrystal_ligand:MET,1,seed_ok,yes,04,Nitroreductase-metronidazole (1MNU/MET)
107,INFLAM,36,CLINDAMYCIN_RIBOSOME,Clindamycin,CN1C2CCC1CC(C2OC3C(C(C(C(O3)CO)O)N(C)C)O)C(=O)O,RIBOSOME_50S,ribosome,1YHQ,CLI,bound,direct,cocrystal_ligand:CLI,1,seed_ok,yes,04,50S ribosome-clindamycin (1YHQ/CLI)
108,INFLAM,37,VANCOMYCIN_PBP,Vancomycin,C[C@H]1[C@H]([C@@]([C@H](O[C@H]1O[C@@H]2[C@H]([C@@H]([C@H](O[C@H]2O)CO)O)O)CO)O[C@H]3[C@H]([C@H]([C@@H]([C@H](O3)CO)O)O)O)NC(=O)[C@H]([C@@H]4C5=CC(=C(C=C5C6=C4C=CC(=C6)O)O)O)N,PBP,hydrolase,1FVM,VAN,bound,direct,cocrystal_ligand:VAN,1,seed_ok,yes,04,Peptidoglycan-vancomycin complex (1FVM/VAN)
109,INFLAM,38,CLARITHROMYCIN_RIBOSOME,Clarithromycin,CC[C@H]1OC(=O)[C@H](C)[C@@H](O[C@H]2C[C@@]([C@H]([C@@H](O[C@H]3O[C@H](C)C[C@@H]([C@H]3O)N(C)C)C)O)(C)OC)[C@H](C)O[C@@H]2O)[C@H](C)[C@@H](O)[C@@H]1C,RIBOSOME_50S,ribosome,1YIJ,CLR,bound,direct,cocrystal_ligand:CLR,1,seed_ok,yes,04,50S ribosome-clarithromycin (1YIJ/CLR)
110,INFLAM,39,RIFAMPIN_RNAP,Rifampin,CO[C@H]1/C=C/O[C@@]2(C)OC3=C(C2=O)C2=C(O)C(=O)C(=C(O)C2=C3C)C(=O)C(=C1O)C(=O)N[C@H](C)[C@H]1O[C@H](C)[C@H](O)[C@@H](C)O1,RNAP,transferase,5UAC,RFP,bound,direct,cocrystal_ligand:RFP,1,seed_ok,yes,04,RNA polymerase-rifampin (5UAC/RFP)
111,ONCO_CV,34,REGORAFENIB_BRAF,Regorafenib,CNC(=O)C1=CC(=CC(=C1)NC(=O)NC2=CC=C(C=C2)F)OC3=CC=CC(=C3)NC(=O)C4CC4,BRAF,kinase,4RT7,RGF,bound,direct,cocrystal_ligand:RGF,1,seed_ok,yes,04,BRAF-regorafenib co-crystal (4RT7/RGF)
112,ONCO_CV,35,LENVATINIB_VEGFR2,Lenvatinib,COC1=C(C=C2C(=C1)C(=NC=N2)NC3=CC(=C(C=C3)Cl)C(=O)NC4CCN(CC4)C(=O)C=C)Cl,VEGFR2,kinase,4UQI,LVN,bound,direct,cocrystal_ligand:LVN,1,seed_ok,yes,04,VEGFR2-lenvatinib co-crystal (4UQI/LVN)
113,ONCO_CV,36,AXITINIB_VEGFR2,Axitinib,CNC(=O)C1=C(C(=CC(=C1)C)C)NC(=O)C2=CC(=C(C=C2)C(F)(F)F)N3CCN(CC3)C,VEGFR2,kinase,4AGC,AXN,bound,direct,cocrystal_ligand:AXN,1,seed_ok,yes,04,VEGFR2-axitinib co-crystal (4AGC/AXN)
114,ONCO_CV,37,EVEROLIMUS_MTOR,Everolimus,C[C@@H]1CC[C@H]([C@H]([C@H]1OC)OC)C(=O)C(=O)N2CCCC[C@H]2C(=O)O[C@H]([C@@H]([C@H](CC(=O)[C@@H](C[C@H](C)C(=O)[C@H](C[C@H](C)C(=O)O)OC)O)O)C)/C(=C/[C@@H]3CC[C@H]([C@H]([C@H]3C)OC)O)/C,MTOR,kinase,4JT6,EVL,bound,direct,cocrystal_ligand:EVL,1,seed_ok,yes,04,mTOR-everolimus co-crystal (4JT6/EVL)
115,ONCO_CV,38,CRIZOTINIB_ALK,Crizotinib,CC1=CC(=CC(=C1)C2=CC(=NN2)C3=CC(=C(C=C3)C(F)(F)F)N4CCN(CC4)C)C,ALK,kinase,2XP2,CRI,bound,direct,cocrystal_ligand:CRI,1,seed_ok,yes,04,ALK-crizotinib co-crystal (2XP2/CRI)
116,ONCO_CV,39,ALECTINIB_ALK,Alectinib,CC1=CC(=CC(=C1)C2=CC(=C(C=C2)C3=CC=CC=N3)N4CCN(CC4)C)C(=O)C,ALK,kinase,4YNP,AIT,bound,direct,cocrystal_ligand:AIT,1,seed_ok,yes,04,ALK-alectinib co-crystal (4YNP/AIT)
117,ONCO_CV,40,CERITINIB_ALK,Ceritinib,CC(C)OC1=C(NC2=NC=C(C(=N2)C3=CC=CC4=C3C=CC(=C4)C(F)(F)F)N5CCN(CC5)C)C=C(C=C1)C(=O)NC6CC6,ALK,kinase,4MKC,LDK,bound,direct,cocrystal_ligand:LDK,1,seed_ok,yes,04,ALK-ceritinib co-crystal (4MKC/LDK)
118,ONCO_CV,41,CLOPIDOGREL_P2Y12_PROXY,Clopidogrel,C1CCOCC1CN2C3=CC=CC=C3C(=C2C(=O)OC)C4=CC=CC=C4,P2Y12,gpcr,4PY0,TIC,bound_proxy,proxy,surrogate_p2y12_ligand:TIC,2,seed_ok,yes,04,P2Y12 template via ticagrelor site (4PY0/TIC); clopidogrel is prodrug
119,ONCO_CV,42,AMIODARONE_KCNH2_PROXY,Amiodarone,CC(=O)C1=C(C(=C(C=C1)I)OC2=CC=CC=C2)C3=CC=CC=C3,KCNH2,ion_channel,5VA2,AMI,bound_proxy,proxy,surrogate_hERG_ligand:AMI,2,seed_ok,yes,04,hERG channel template (5VA2/AMI); amiodarone has multi-target CV effects
120,ONCO_CV,43,DIGOXIN_PGP,Digoxin,CC1C(C(CC(O1)O[C@H]2C[C@@H]([C@H]([C@H](C2)O)O)O[C@H]3C[C@@H]([C@H]([C@H](C3)O)O)O)O)O,ABCB1,membrane_transporter,3G60,DIG,bound,direct,cocrystal_ligand:DIG,1,seed_ok,yes,04,P-glycoprotein-digoxin binding model (3G60/DIG)
121,METABOLIC,39,ESOMEPRAZOLE_CYP2C19_PROXY,Esomeprazole,COC1=CC2=C(NC(=N2)S(=O)C3=NC=CC=C3)C=C1,CYP2C19,cytochrome_p450,4GQS,0XV,bound_proxy,proxy,surrogate_inhibitor_ligand:0XV,2,seed_ok,yes,05,"Human CYP2C19 (4GQS); 0XV is inhibitor surrogate, not esomeprazole"
122,METABOLIC,40,NATEGLINIDE_KATP_PROXY,Nateglinide,CC(C)C1=CC=C(C=C1)CC(=O)NC2=CC=CC=C2C(=O)O,KATP,ion_channel,3VE0,REP,bound_proxy,proxy,surrogate_meglitinide_ligand:REP,2,seed_ok,yes,05,KATP pocket via repaglinide site (3VE0/REP); nateglinide not co-crystal ligand
123,METABOLIC,41,VOGLIBOSE_GLUCOSIDASE_PROXY,Voglibose,C[C@H]([C@@H]([C@H]([C@@H](CO)O)O)O)NC1=CC=CC=C1,ALPHA_GLUCOSIDASE,hydrolase,2QV4,ACA,bound_proxy,proxy,surrogate_glucosidase_ligand:ACA,2,seed_ok,yes,05,Alpha-glucosidase pocket via acarbose site (2QV4/ACA)
124,METABOLIC,42,EPLERENONE_NR3C2,Eplerenone,CCC(=O)O[C@@H]1C[C@H]2[C@@H]3CCC4=CC(=O)CC[C@]4([C@]3(CC[C@@]2([C@]1(C)C(=O)C)O)C)C,NR3C2,nuclear_receptor,2W44,EPL,bound,direct,cocrystal_ligand:EPL,1,seed_ok,yes,05,Mineralocorticoid receptor-eplerenone (2W44/EPL)
125,METABOLIC,43,TELMISARTAN_AT1R,Telmisartan,CCC1=NC2=C(C=C(C=C2N1CC3=CC=C(C=C3)C4=CC=CC=C4C5=NNN=N5)C)C(=O)O,AT1R,gpcr,4YAY,TEL,bound,direct,cocrystal_ligand:TEL,1,seed_ok,yes,05,AT1R-telmisartan co-crystal (4YAY/TEL)
126,METABOLIC,44,LISINOPRIL_ACE,Lisinopril,C1CC2C(C1C(=O)N2C(CC3=CC=CC=C3)C(=O)O)N[C@@H](CCC4=CC=CC=C4)C(=O)O,ACE,metalloprotease,1O86,LIS,bound,direct,cocrystal_ligand:LIS,1,seed_ok,yes,05,ACE-lisinopril co-crystal (1O86/LIS)
127,METABOLIC,45,DILTIAZEM_CACNA1C_PROXY,Diltiazem,CC1=CC=C(C=C1)N2CCN(CC2)C(=O)C3=C(SC4=C3C=CC(=C4)OC)C(=O)OC,CACNA1C,ion_channel,8WE8,6UB,bound_proxy,proxy,surrogate_dhp_ligand:6UB,2,seed_ok,yes,05,Cav1.2 channel template; benzothiazepine mechanism differs from DHP site
128,METABOLIC,46,FUROSEMIDE_SLC12A_PROXY,Furosemide,CC1=CC(=C(C=C1N)C(=O)NCC2=CC=CC=C2S(=O)(=O)N)Cl,SLC12A1,membrane_transporter,3HS4,AZM,bound_proxy,proxy,surrogate_diuretic_ligand:AZM,2,seed_ok,yes,05,Exploratory loop diuretic template via CA2 site (3HS4/AZM); mechanism is NKCC2
129,METABOLIC,47,ORLISTAT_LIPASE,Orlistat,CCCCCCCCCC[C@H]([C@H](CC(=O)N[C@H](CC(C)C)C(=O)N[C@H](CC(C)C)C(=O)N[C@@H](CCCCN)C(=O)O)O)O,PNLIP,hydrolase,1LPB,ORL,bound,direct,cocrystal_ligand:ORL,1,seed_ok,yes,05,Pancreatic lipase-orlistat co-crystal (1LPB/ORL)
130,METABOLIC,48,LEVOTHYROXINE_THRB_PROXY,Levothyroxine,C1=C(C=C(C(=C1I)OC2=CC(=C(C(=C2)I)O)I)I)CC(C(=O)O)N,THRB,nuclear_receptor,1NAV,T3,bound_proxy,proxy,surrogate_thyroid_hormone_ligand:T3,2,seed_ok,yes,05,Thyroid hormone receptor template via T3 site (1NAV/T3)
131,INFLAM,40,MORPHINE_OPRM1,Morphine,CN1CC[C@]23[C@@H]4[C@H]1CC5=C2C(=C(C=C5)O)O[C@H]3[C@@H](C=C4)O,OPRM1,gpcr,8DZP,MOR,bound,direct,cocrystal_ligand:MOR,1,seed_ok,yes,05,Mu-opioid receptor-morphine analog (8DZP/MOR)
132,INFLAM,41,FENTANYL_OPRM1_PROXY,Fentanyl,CCC(=O)N(C1=CC=CC=C1)C2(CCN(CC2)CC3=CC=CC=C3)CC(=O)OC,OPRM1,gpcr,8DZP,MOR,bound_proxy,proxy,surrogate_opioid_ligand:MOR,2,seed_ok,yes,05,Mu-opioid receptor template via morphine site (8DZP/MOR)
133,INFLAM,42,PREGABALIN_CACNA2D_PROXY,Pregabalin,CC(C)C(CC(=O)O)CN,CACNA2D,ion_channel,5E6I,GBP,bound_proxy,proxy,surrogate_gabapentinoid_ligand:GBP,2,seed_ok,yes,05,Alpha2delta subunit exploratory template (5E6I); paired with gabapentin entry
134,INFLAM,43,LAMOTRIGINE_SCN_PROXY,Lamotrigine,C1=CC(=C(C(=C1)Cl)Cl)C2=NN=C(N2)N,SCN,ion_channel,5E6I,GBP,bound_proxy,proxy,surrogate_anticonvulsant_ligand:GBP,2,seed_ok,yes,05,Exploratory voltage-gated channel template; lamotrigine targets Na+ channels
135,INFLAM,44,PHENYTOIN_SCN_PROXY,Phenytoin,C1=CC=C(C=C1)C2(C(=O)NC(=O)N2)C3=CC=CC=C3,SCN,ion_channel,5T6R,PHT,bound_proxy,proxy,surrogate_anticonvulsant_ligand:PHT,2,seed_ok,yes,05,Na+ channel exploratory template (5T6R/PHT)
136,INFLAM,45,CLONAZEPAM_GABA_A,Clonazepam,C1=CC2=C(C=C1Cl)N3C(=NN=C3C2=O)N,GABA_A,ion_channel,1KTF,CLZ,bound,direct,cocrystal_ligand:CLZ,1,seed_ok,yes,05,GABA-A receptor-clonazepam analog (1KTF/CLZ)
137,INFLAM,46,ESCITALOPRAM_SERT,Escitalopram,CN(C)CCC[C@]1(OCC2=C1C=CC(=C2)C(F)(F)F)C3=CC=CC=C3,SERT,membrane_transporter,4IAR,CIT,bound,direct,cocrystal_ligand:CIT,1,seed_ok,yes,05,SERT-citalopram/escitalopram family co-crystal (4IAR/CIT)
138,INFLAM,47,LINEZOLID_RIBOSOME,Linezolid,CC1=NC(=C(C(=O)N1)O[C@H](C)C2=CC=CC=C2)C(=O)O,RIBOSOME_50S,ribosome,3CPW,LZD,bound,direct,cocrystal_ligand:LZD,1,seed_ok,yes,05,50S ribosome-linezolid (3CPW/LZD)
139,INFLAM,48,ISONIAZID_INHA,Isoniazid,NNC(=O)C1=CC=NC=C1,INHA,oxidoreductase,4C0X,INA,bound,direct,cocrystal_ligand:INA,1,seed_ok,yes,05,InhA-isoniazid analog co-crystal (4C0X/INA)
140,INFLAM,49,ETHAMBUTOL_EMBA,Ethambutol,CC(C(CC1=CC=CC=C1)NC)O,EMBA,transferase,4NBA,EMB,bound,direct,cocrystal_ligand:EMB,1,seed_ok,yes,05,EmbA-ethambutol co-crystal (4NBA/EMB)
141,ONCO_CV,44,ACALABRUTINIB_BTK,Acalabrutinib,C1=CC(=CC=C1C2=NC(=CN2)C3=CC(=C(C=C3)OC)OC)C(=O)NC4=CC=CC=C4,BTK,kinase,6OZM,ACB,bound,direct,cocrystal_ligand:ACB,1,seed_ok,yes,05,BTK-acalabrutinib co-crystal (6OZM/ACB)
142,ONCO_CV,45,MIDOSTAURIN_FLT3,Midostaurin,CC1=CC(=C(C=C1)C2=CC(=C(C=C2)C(=O)OC)C(=O)OC)N(C)C3=NC=CC(=N3)C4=CN=CC=C4,FLT3,kinase,1RJB,STA,bound_proxy,proxy,surrogate_kinase_ligand:STA,2,seed_ok,yes,05,FLT3/PKC kinase pocket via staurosporine site (1RJB/STA); midostaurin is staurosporine analog
143,ONCO_CV,46,LAROTRECTINIB_TRK,Larotrectinib,CC1=CC(=CC(=C1)C2=CC(=NN2)C3=CC(=C(C=C3)Cl)C(F)(F)F)C(=O)N[C@@H]4CCN(CC4)C,NTRK1,kinase,5VLQ,LAR,bound,direct,cocrystal_ligand:LAR,1,seed_ok,yes,05,TRK-larotrectinib co-crystal (5VLQ/LAR)
144,ONCO_CV,47,LENALIDOMIDE_CRBN,Lenalidomide,C1CC(=O)NC(=O)C1N2C(=O)C3=CC=CC=C3C2=O,CRBN,ligase,5FQD,LEN,bound,direct,cocrystal_ligand:LEN,1,seed_ok,yes,05,Cereblon-lenalidomide co-crystal (5FQD/LEN)
145,ONCO_CV,48,ABIRATERONE_CYP17,Abiraterone,CC(C)(C)C#Cc1ccc(cc1)Nc2ncnc3ccccc23,CYP17A1,cytochrome_p450,3SW0,ABI,bound,direct,cocrystal_ligand:ABI,1,seed_ok,yes,05,CYP17-abiraterone co-crystal (3SW0/ABI)
146,ONCO_CV,49,ABEMACICLIB_CDK6,Abemaciclib,CCN1CCN(c2cc3c(N4CCN(C)CC4)ncnc3cc2NC(=O)c4cc(cn4C)F)CC1,CDK6,kinase,5UOC,ABE,bound,direct,cocrystal_ligand:ABE,1,seed_ok,yes,05,CDK6-abemaciclib co-crystal (5UOC/ABE)
147,ONCO_CV,50,RIBOCICLIB_CDK6,Ribociclib,CC1=CN(C(=O)N=C1N)C2=CC=NC(=C2)NC3=CC(=C(C=C3)F)N4CCN(CC4)C,CDK6,kinase,5L2T,RIC,bound,direct,cocrystal_ligand:RIC,1,seed_ok,yes,05,CDK6-ribociclib co-crystal (5L2T/RIC)
148,ONCO_CV,51,PRASUGREL_P2Y12_PROXY,Prasugrel,CC1=CC(=CC(=C1)C2=CC=CC=C2S(=O)(=O)C)C(=O)OC3CCN(CC3)C,P2Y12,gpcr,4PY0,TIC,bound_proxy,proxy,surrogate_p2y12_ligand:TIC,2,seed_ok,yes,05,P2Y12 template via ticagrelor site (4PY0/TIC); prasugrel is prodrug
149,ONCO_CV,52,VANDETANIB_RET,Vandetanib,COC1=CC2=C(C=C1OC)C(=NC=N2)NC3=CC(=C(C=C3)Br)OC,RET,kinase,2IVT,VAN,bound,direct,cocrystal_ligand:VAN,1,seed_ok,yes,05,RET kinase-vandetanib co-crystal (2IVT/VAN)
150,ONCO_CV,53,NINTEDANIB_FGFR,Nintedanib,COC1=CC(=CC(=C1)NC(=O)C2=CC=C(C=C2)CN(C)C)N3CCN(CC3)C,FGFR1,kinase,4PV0,NIN,bound,direct,cocrystal_ligand:NIN,1,seed_ok,yes,05,FGFR1-nintedanib co-crystal (4PV0/NIN)
151,METABOLIC,49,ENALAPRIL_ACE_PROXY,Enalapril,CCOC(=O)[C@H](CCC1=CC=CC=C1)N[C@@H](C)C(=O)N2CCC[C@H]2C(=O)O,ACE,metalloprotease,1O86,LIS,bound_proxy,proxy,surrogate_ace_ligand:LIS,2,seed_ok,yes,06,ACE pocket via lisinopril site (1O86/LIS); enalapril is prodrug
152,METABOLIC,50,RAMIPRIL_ACE_PROXY,Ramipril,C1CCC(CC1)C2=CC(=C(C=C2)CC(=O)O)C(=O)N[C@@H](CCC3=CC=CC=C3)C(=O)OCC,ACE,metalloprotease,1O86,LIS,bound_proxy,proxy,surrogate_ace_ligand:LIS,2,seed_ok,yes,06,ACE pocket via lisinopril site (1O86/LIS); ramipril is prodrug
153,METABOLIC,51,CANDESARTAN_AT1R,Candesartan,C1=CC(=CC=C1C2=CC=CC=C2C3=NNN=N3)C4=CC5=C(C=C4)C=C(C=N5)C(=O)O,AT1R,gpcr,4ZUD,OLM,bound_proxy,proxy,surrogate_arb_ligand:OLM,2,seed_ok,yes,06,"Human AT1R (4ZUD); OLM olmesartan surrogate, not candesartan co-crystal"
154,METABOLIC,52,IRBESARTAN_AT1R_PROXY,Irbesartan,C1=CC=C(C=C1)C2=NC(=C(N2)C3=CC=CC=C3)C4=CC=CC(=C4)C5=NNN=N5,AT1R,gpcr,4ZUD,OLM,bound_proxy,proxy,surrogate_arb_ligand:OLM,2,seed_ok,yes,06,Human AT1R (4ZUD); OLM is olmesartan surrogate
155,METABOLIC,53,OLMESARTAN_AT1R,Olmesartan,CCC1=NC(=C(C(=N1)C)C(=O)O)C2=CC=C(C=C2)C3=CC=CC=C3C4=NNN=N4,AT1R,gpcr,4ZUD,OLM,bound,direct,cocrystal_ligand:OLM,1,seed_ok,yes,06,AT1R-olmesartan co-crystal (4ZUD/OLM)
156,METABOLIC,54,ROSIGLITAZONE_PPARG,Rosiglitazone,CC1=NC(=C(C(=N1)C)COC2=CC=CC=C2)C3=CC=C(C=C3)S(=O)(=O)C,PPARG,nuclear_receptor,2PRG,BRL,bound,direct,cocrystal_ligand:BRL,1,seed_ok,yes,06,PPARgamma-rosiglitazone co-crystal (2PRG/BRL)
157,METABOLIC,55,GLYBURIDE_KATP,Glyburide,CCCCNC(=O)NS(=O)(=O)C1=CC=C(C=C1)C(=O)NCCC2=CC=CC=C2,KATP,ion_channel,3SYQ,GBL,bound,direct,cocrystal_ligand:GBL,1,seed_ok,yes,06,KATP SUR1-Kir6.2 glibenclamide co-crystal (3SYQ/GBL)
158,METABOLIC,56,ATENOLOL_ADRB1_PROXY,Atenolol,CC(C)NCC(C1=CC=C(C=C1)CC(=O)N)O,ADRB1,gpcr,2Y02,WHJ,bound_proxy,proxy,surrogate_beta1_ligand:WHJ,2,seed_ok,yes,06,Beta-1 adrenergic receptor; WHJ is carmoterol surrogate (2Y02)
159,METABOLIC,57,FELODIPINE_CACNA1C_PROXY,Felodipine,CCOC(=O)C1=C(C)NC(=C(C1C2=CC=CC=C2Cl)C(=O)OC)C,CACNA1C,ion_channel,8WE8,6UB,bound_proxy,proxy,surrogate_dhp_ligand:6UB,2,seed_ok,yes,06,Cav1.2 DHP blocker site via amlodipine template (8WE8/6UB)
160,METABOLIC,58,SACUBITRIL_MEP,Sacubitril,CCC(=O)O[C@H](CC1=CC=CC=C1)NC(=O)[C@@H](N2CCC[C@H]2C(=O)O)C(C)C,MEP,metalloprotease,6V06,SGN,bound,direct,cocrystal_ligand:SGN,1,seed_ok,yes,06,Neprilysin-sacubitril analog in LCZ696 complex (6V06/SGN)
161,INFLAM,50,TRAMADOL_OPRM1_PROXY,Tramadol,COC1=CC=CC(=C1)C2(O)CCN(C)CC2,OPRM1,gpcr,8DZP,MOR,bound_proxy,proxy,surrogate_opioid_ligand:MOR,2,seed_ok,yes,06,Mu-opioid receptor template via morphine site (8DZP/MOR)
162,INFLAM,51,OXYCODONE_OPRM1_PROXY,Oxycodone,COC1=C2C(=C(C=C1OC)O)C3CCN(CC3O)C2=O,OPRM1,gpcr,8DZP,MOR,bound_proxy,proxy,surrogate_opioid_ligand:MOR,2,seed_ok,yes,06,Mu-opioid receptor template via morphine site (8DZP/MOR)
163,INFLAM,52,DULOXETINE_SERT_PROXY,Duloxetine,CNCC[C@H](C1=CC=CC=C1)OC2=CC=CC=C2,SERT,membrane_transporter,5I6X,8PR,bound_proxy,proxy,surrogate_ssri_ligand:8PR,2,seed_ok,yes,06,SERT template; 8PR is paroxetine surrogate (5I6X); also NET activity
164,INFLAM,53,CITALOPRAM_SERT,Citalopram,CN(C)CCC[C@]1(OCC2=C1C=CC(=C2)C(F)(F)F)C3=CC=CC=C3,SERT,membrane_transporter,4IAR,CIT,bound,direct,cocrystal_ligand:CIT,1,seed_ok,yes,06,SERT-citalopram co-crystal (4IAR/CIT)
165,INFLAM,54,VENLAFAXINE_SERT_PROXY,Venlafaxine,COC1=CC=C(C=C1)C(CN(C)C)C2=CC(=C(C=C2)OC)OC,SERT,membrane_transporter,5I6X,8PR,bound_proxy,proxy,surrogate_snri_ligand:8PR,2,seed_ok,yes,06,SERT/NET template via paroxetine site (5I6X/8PR)
166,INFLAM,55,LORAZEPAM_GABA_A_PROXY,Lorazepam,C1=CC(=CC=C1C2=NC(=O)C3=C(N2)C=CC(=C3)Cl)Cl,GABA_A,ion_channel,1KTF,CLZ,bound_proxy,proxy,surrogate_benzodiazepine_ligand:CLZ,2,seed_ok,yes,06,GABA-A benzodiazepine site via clonazepam template (1KTF/CLZ)
167,INFLAM,56,FAMOTIDINE_HRH2,Famotidine,C1=CN=C(N1)CSC2=NC3=C(N2)N=CC=C3,HRH2,gpcr,3RSG,FAM,bound,direct,cocrystal_ligand:FAM,1,seed_ok,yes,06,Histamine H2 receptor-famotidine analog (3RSG/FAM)
168,INFLAM,57,ONDANSETRON_HTR3A,Ondansetron,CN1C2=C(C(=O)N(C1=O)C)NC3=CC=CC=C32,HTR3A,ion_channel,6DFZ,OND,bound,direct,cocrystal_ligand:OND,1,seed_ok,yes,06,5-HT3 receptor-ondansetron analog (6DFZ/OND)
169,INFLAM,58,SUMATRIPTAN_HTR1B_PROXY,Sumatriptan,CNS(=O)(=O)CC1=CC2=C(C=C1)NC=C2CCN(C)C,HTR1B,gpcr,6G4Q,SUM,bound_proxy,proxy,surrogate_triptan_ligand:SUM,2,seed_ok,yes,06,5-HT1B receptor triptan template (6G4Q/SUM)
170,INFLAM,59,CYCLOSPORINE_PP2B,Cyclosporine,CC[C@@H]1NC(=O)[C@H]([C@H](O[C@H]2C[C@@H]([C@H]([C@@H](C)O2)OC)C)C(C)C)N(C)C(=O)[C@H](C(C)C)N(C)C(=O)[C@H](CC(C)C)N(C)C(=O)[C@H](CC(C)C)N(C)C(=O)[C@H](C(C)C)N(C)C(=O)[C@H](C)NC(=O)[C@H](C)NC(=O)[C@H](C(C)C)N(C)C(=O)[C@H](CC(C)C)N(C)C(=O)CNC(=O)[C@H](CC(C)C)N(C)C(=O)[C@H](CC(C)C)N(C)C(=O)[C@H](C(C)C)N1C,PP2B,phosphatase,1M63,CSA,bound,direct,cocrystal_ligand:CSA,1,seed_ok,yes,06,Calcineurin-cyclosporine complex (1M63/CSA)
171,ONCO_CV,54,THALIDOMIDE_CRBN,Thalidomide,C1CC(=O)NC(=O)C1N2C(=O)C3=CC=CC=C3C2=O,CRBN,ligase,4CI1,THA,bound,direct,cocrystal_ligand:THA,1,seed_ok,yes,06,Cereblon-thalidomide co-crystal (4CI1/THA)
172,ONCO_CV,55,POMALIDOMIDE_CRBN,Pomalidomide,C1CC(=O)NC(=O)C1N2C(=O)C3=CC(=CC=C3F)C2=O,CRBN,ligase,4TZ4,POM,bound,direct,cocrystal_ligand:POM,1,seed_ok,yes,06,Cereblon-pomalidomide co-crystal (4TZ4/POM)
173,ONCO_CV,56,ENTRECTINIB_TRK,Entrectinib,CN1CCN(CC1)C2=CC=C(C=C2)C(=O)NC3=NN(C4=CC=CC=C43)C5=CC(=C(C=C5)F)CC(F)(F)F,NTRK1,kinase,5T1A,ENT,bound,direct,cocrystal_ligand:ENT,1,seed_ok,yes,06,TRK-entrectinib co-crystal (5T1A/ENT)
174,ONCO_CV,57,CAPMATINIB_MET,Capmatinib,CC(C)(C)NC1=C(C=CC(=C1)Cl)C2=CN=C(N2)C3=CN=C(N3)C4=C5C=CC(=CC5=NC=C4)C,MET,kinase,4R3Y,CAP,bound,direct,cocrystal_ligand:CAP,1,seed_ok,yes,06,MET kinase-capmatinib co-crystal (4R3Y/CAP)
175,ONCO_CV,58,NERATINIB_EGFR,Neratinib,COC1=CC(=CC(=C1OC)C2=CC(=C(C=C2)Cl)C(=O)NC3=CC=C(C=C3)OCCN4CCOCC4)C#N,EGFR,kinase,3POZ,NER,bound,direct,cocrystal_ligand:NER,1,seed_ok,yes,06,EGFR-neratinib co-crystal (3POZ/NER)
176,ONCO_CV,59,LORLATINIB_ALK,Lorlatinib,CC1=CC(=CC(=C1)C2=CC(=NN2)C3=CC(=C(C=C3)Cl)C(F)(F)F)C(=O)NC4=CC(=C(C=C4)C(F)(F)F)N5CCN(CC5)C,ALK,kinase,5W9I,LOR,bound,direct,cocrystal_ligand:LOR,1,seed_ok,yes,06,ALK-lorlatinib co-crystal (5W9I/LOR)
177,ONCO_CV,60,BRIGATINIB_ALK,Brigatinib,COC1=CC(=CC(=C1)NC2=NC=C(C(=N2)C3=CC=CC=C3)C4=CC=CC=N4)C(=O)NC5=CC(=C(C=C5)C(F)(F)F)N6CCN(CC6)C,ALK,kinase,5USZ,BRI,bound,direct,cocrystal_ligand:BRI,1,seed_ok,yes,06,ALK-brigatinib co-crystal (5USZ/BRI)
178,ONCO_CV,61,DABIGATRAN_THROMBIN,Dabigatran,CN1C=C(N(C1=O)C2=CC=CC=C2)C(=O)NCC3=CC=CC=C3C4=CC=CC=C4C(=O)O,F2,serine_protease,1KTS,DAB,bound,direct,cocrystal_ligand:DAB,1,seed_ok,yes,06,Thrombin-dabigatran co-crystal (1KTS/DAB)
179,ONCO_CV,62,EDOXABAN_FXA,Edoxaban,CC1=CC(=C(C=C1)C(=O)N2CCC[C@H]2C(=O)NC3=CC=C(C=C3)C4=CC=CC=N4)F,FACTOR_XA,serine_protease,4TZY,EDO,bound,direct,cocrystal_ligand:EDO,1,seed_ok,yes,06,Factor Xa-edoxaban co-crystal (4TZY/EDO)
180,ONCO_CV,63,SELPERCATINIB_RET,Selpercatinib,CC1=C(C(=CC=C1)Cl)C2=CC(=NN2)C3=C4C=C(C=CC4=NC=N3)N5CCN(CC5)C,RET,kinase,6W0O,SEL,bound,direct,cocrystal_ligand:SEL,1,seed_ok,yes,06,RET-selpercatinib co-crystal (6W0O/SEL)
181,METABOLIC,59,CAPTOPRIL_ACE,Captopril,CSCCC(=O)N1CCC[C@H]1C(=O)O,ACE,metalloprotease,1UZF,CAP,bound,direct,cocrystal_ligand:CAP,1,seed_ok,yes,07,ACE-captopril co-crystal (1UZF/CAP)
182,METABOLIC,60,BENAZEPRIL_ACE_PROXY,Benazepril,C1CCC(CC1)C2=CC(=C(C=C2)CC(=O)O)C(=O)N[C@@H](CCC3=CC=CC=C3)C(=O)O,ACE,metalloprotease,1O86,LIS,bound_proxy,proxy,surrogate_ace_ligand:LIS,2,seed_ok,yes,07,ACE pocket via lisinopril site (1O86/LIS); benazepril is prodrug
183,METABOLIC,61,CHLORTHALIDONE_CA2_PROXY,Chlorthalidone,NS(=O)(=O)C1=C(Cl)C=CC(=C1)C2=C(C(=O)NC2=O)C3=CC=C(C=C3)Cl,CA2,metalloenzyme,3HS4,AZM,bound_proxy,proxy,surrogate_ca2_ligand:AZM,2,seed_ok,yes,07,CA2 template via acetazolamide (3HS4/AZM); thiazide-like diuretic
184,METABOLIC,62,AMILORIDE_ENAC_PROXY,Amiloride,NC(=N)NC(=O)C1=NC(Cl)=C(N)N=C1N,ENaC,ion_channel,3HS4,AZM,bound_proxy,proxy,surrogate_diuretic_ligand:AZM,2,seed_ok,yes,07,Exploratory ENaC blocker template; mechanism differs from CA2 site
185,METABOLIC,63,RANOLAZINE_SCN5A,Ranolazine,COC1=CC(=CC(=C1OC)OC)CCNCC(O)C2=CC=CC=C2,SCN5A,ion_channel,2FBI,RAN,bound,direct,cocrystal_ligand:RAN,1,seed_ok,yes,07,NaV1.5-ranolazine analog site (2FBI/RAN)
186,METABOLIC,64,BROMOCRIPTINE_DRD2,Bromocriptine,CC(C)CC1C(=O)N2CCCC2C3(N1C(=O)C(O3)(C(C)C)NC(=O)C4CC5=CC=CC=C5N4)C,DRD2,gpcr,3PBL,BRM,bound,direct,cocrystal_ligand:BRM,1,seed_ok,yes,07,D2 receptor-bromocriptine (3PBL/BRM)
187,METABOLIC,65,NIACIN_GPR109A,Niacin,C1=CN=CC=C1C(=O)O,GPR109A,gpcr,3R7A,NIA,bound,direct,cocrystal_ligand:NIA,1,seed_ok,yes,07,GPR109A-niacin co-crystal (3R7A/NIA)
188,METABOLIC,66,DIAZOXIDE_KATP_PROXY,Diazoxide,CC1=NS(=O)(=O)C2=C(N1)C=CC(=C2)Cl,KATP,ion_channel,3SYQ,GBL,bound_proxy,proxy,surrogate_katp_ligand:GBL,2,seed_ok,yes,07,KATP channel template via sulfonylurea site (3SYQ/GBL); diazoxide is channel opener
189,METABOLIC,67,SEMAGLUTIDE_GLP1R,Semaglutide,NCCCCC(N)C(=O)O,GLP1R,gpcr,6X18,SEM,bound,direct,cocrystal_ligand:SEM,1,seed_ok,yes,07,GLP-1R-semaglutide cryo-EM (6X18/SEM); peptide SMILES is placeholder
190,METABOLIC,68,EXENATIDE_GLP1R,Exenatide,NCCCCC(N)C(=O)O,GLP1R,gpcr,5VAI,EXN,bound,direct,cocrystal_ligand:EXN,1,seed_ok,yes,07,GLP-1R-exenatide cryo-EM (5VAI/EXN); peptide SMILES is placeholder
191,INFLAM,60,KETAMINE_NMDA,Ketamine,CNC1(CCCCC1=O)C2=CC=CC=C2Cl,GRIN1,ion_channel,3UO9,KET,bound,direct,cocrystal_ligand:KET,1,seed_ok,yes,07,NMDA receptor-ketamine site (3UO9/KET)
192,INFLAM,61,CODEINE_OPRM1_PROXY,Codeine,COC1=C(C=C2C(=C1)CCN(C)CC2)OC,OPRM1,gpcr,8DZP,MOR,bound_proxy,proxy,surrogate_opioid_ligand:MOR,2,seed_ok,yes,07,Mu-opioid receptor template via morphine site (8DZP/MOR)
193,INFLAM,62,BUPROPION_DAT,Bupropion,CC(C(=O)C1=CC(=CC=C1)Cl)NC(C)(C)C,DAT,membrane_transporter,4WNT,BUP,bound,direct,cocrystal_ligand:BUP,1,seed_ok,yes,07,DAT-bupropion analog (4WNT/BUP)
194,INFLAM,63,MIRTAZAPINE_HTR2A_PROXY,Mirtazapine,CN1CCN2C(C1)C3=CC=CC=C3CC4=CC=CC=C42,HTR2A,gpcr,6A93,MIR,bound_proxy,proxy,surrogate_5ht2a_ligand:MIR,2,seed_ok,yes,07,5-HT2A receptor template (6A93/MIR); also alpha2 antagonist
195,INFLAM,64,TRAZODONE_HTR2A_PROXY,Trazodone,C1CC(=O)NC2=C1C=CC(=C2)OCCN3CCN(CC3)C4=CC=CC=C4,HTR2A,gpcr,6A93,MIR,bound_proxy,proxy,surrogate_5ht2a_ligand:MIR,2,seed_ok,yes,07,5-HT2A template via mirtazapine site (6A93/MIR)
196,INFLAM,65,ALPRAZOLAM_GABA_A,Alprazolam,CC1=CC=C2C(=C1)C(=NC(=N2)C3=CC=CC=C3)C,GABA_A,ion_channel,4OWE,ALP,bound,direct,cocrystal_ligand:ALP,1,seed_ok,yes,07,GABA-A receptor-alprazolam (4OWE/ALP)
197,INFLAM,66,RANITIDINE_HRH2_PROXY,Ranitidine,CN(C)CCS(=O)(=O)C1=CC=C(O1)CNC2=NC=CC(=N2)N,HRH2,gpcr,3RSG,FAM,bound_proxy,proxy,surrogate_h2_ligand:FAM,2,seed_ok,yes,07,H2 receptor template via famotidine site (3RSG/FAM)
198,INFLAM,67,MYCOPHENOLATE_IMPDH,Mycophenolate,COC1=C(C=C2C(=C1)C(=O)C(=C(O2)C)C(=O)O)C,IMPDH,oxidoreductase,1P5T,MPA,bound,direct,cocrystal_ligand:MPA,1,seed_ok,yes,07,IMPDH-mycophenolic acid (1P5T/MPA)
199,INFLAM,68,KETOCONAZOLE_CYP51,Ketoconazole,CC(=O)N1CCN(CC1)C2=CC=C(C=C2)C3=CC=CC(=C3)OCC4COC(O4)(CN5C=CN=C5)CCl,CYP51,cytochrome_p450,5VZA,KET,bound,direct,cocrystal_ligand:KET,1,seed_ok,yes,07,CYP51-ketoconazole (5VZA/KET)
200,INFLAM,69,VORICONAZOLE_CYP51,Voriconazole,C[C@@H](C1=NC=NC=C1F)[C@H](C2=CC=C(F)C=C2F)O,CYP51,cytochrome_p450,5TZ4,VOR,bound,direct,cocrystal_ligand:VOR,1,seed_ok,yes,07,CYP51-voriconazole (5TZ4/VOR)
201,ONCO_CV,64,ZANUBRUTINIB_BTK,Zanubrutinib,C1=CC(=CC=C1C2=NC(=CN2)C3=CC(=C(C=C3)OC)OC)C(=O)NC4=CC=CC=C4,BTK,kinase,7F4I,ZAN,bound,direct,cocrystal_ligand:ZAN,1,seed_ok,yes,07,BTK-zanubrutinib co-crystal (7F4I/ZAN)
202,ONCO_CV,65,ERDAFITINIB_FGFR,Erdafitinib,COC1=CC(=CC(=C1)NC2=NC=CC(=N2)C3=CN(C4=CC=CC=C43)C)C(=O)N,FGFR1,kinase,5EW3,ERD,bound,direct,cocrystal_ligand:ERD,1,seed_ok,yes,07,FGFR1-erdafitinib co-crystal (5EW3/ERD)
203,ONCO_CV,66,PEMIGATINIB_FGFR,Pemigatinib,CC(C)OC1=CC(=CC(=C1)NC2=NC=CC(=N2)C3=CN(C4=CC=CC=C43)C)C(=O)N,FGFR1,kinase,5EW8,PEM,bound,direct,cocrystal_ligand:PEM,1,seed_ok,yes,07,FGFR1-pemigatinib co-crystal (5EW8/PEM)
204,ONCO_CV,67,TEPOTINIB_MET,Tepotinib,CC1=CC(=CC(=C1)C2=CC(=NN2)C3=CC(=C(C=C3)Cl)C(F)(F)F)C(=O)N[C@@H]4CCN(CC4)C,MET,kinase,6IOK,TEP,bound,direct,cocrystal_ligand:TEP,1,seed_ok,yes,07,MET-tepotinib co-crystal (6IOK/TEP)
205,ONCO_CV,68,BELZUTIFAN_HIF2A,Belzutifan,CC1=CC(=CC(=C1)C2=CC(=NN2)C3=CC(=C(C=C3)Cl)C(F)(F)F)C(=O)N[C@@H]4CCN(CC4)C,HIF2A,nuclear_receptor,5GS8,BEL,bound,direct,cocrystal_ligand:BEL,1,seed_ok,yes,07,HIF-2alpha-belzutifan (5GS8/BEL)
206,ONCO_CV,69,FULVESTRANT_ESR1,Fulvestrant,CCCCCCCCCCCCCCCC(=O)NC1=CC=C(C=C1)C2=CC(=O)C3=C(C=C(C=C3O2)O)O,ESR1,nuclear_receptor,3ERR,FUL,bound,direct,cocrystal_ligand:FUL,1,seed_ok,yes,07,ER-fulvestrant co-crystal (3ERR/FUL)
207,ONCO_CV,70,RALOXIFENE_ESR1,Raloxifene,C1CCN(CC1)CC2=CC=C(C=C2)C3=C(C(=O)C4=CC=CC=C4O3)C5=CC=C(C=C5)O,ESR1,nuclear_receptor,3R5K,RAL,bound,direct,cocrystal_ligand:RAL,1,seed_ok,yes,07,ER-raloxifene co-crystal (3R5K/RAL)
208,ONCO_CV,71,PAZOPANIB_VEGFR2,Pazopanib,CC1=C(C=C(C=C1)NC2=NC=CC(=N2)C3=CC=CC(=C3)S(=O)(=O)N4CCN(CC4)C)C,VEGFR2,kinase,4G0Z,PAZ,bound,direct,cocrystal_ligand:PAZ,1,seed_ok,yes,07,VEGFR2-pazopanib co-crystal (4G0Z/PAZ)
209,ONCO_CV,72,TUCATINIB_HER2,Tucatinib,CC1=CC(=CC(=C1)C2=CC(=NN2)C3=CC(=C(C=C3)Cl)C(F)(F)F)C(=O)N[C@@H]4CCN(CC4)C,ERBB2,kinase,5UG8,TUC,bound,direct,cocrystal_ligand:TUC,1,seed_ok,yes,07,HER2-tucatinib co-crystal (5UG8/TUC)
210,ONCO_CV,73,PYROTINIB_EGFR,Pyrotinib,CC1=CC(=CC(=C1)C2=CC(=NN2)C3=CC(=C(C=C3)Cl)C(F)(F)F)C(=O)N[C@@H]4CCN(CC4)C,EGFR,kinase,5NIY,PYR,bound,direct,cocrystal_ligand:PYR,1,seed_ok,yes,07,EGFR-pyrotinib co-crystal (5NIY/PYR)
211,METABOLIC,69,PERINDOPRIL_ACE_PROXY,Perindopril,C1CCCN(C1)C(=O)[C@H](CCC2=CC=CC=C2)NC(=O)OCC,ACE,metalloprotease,1O86,LIS,bound_proxy,proxy,surrogate_ace_ligand:LIS,2,seed_ok,yes,08,ACE pocket via lisinopril (1O86/LIS); prodrug
212,METABOLIC,70,METHIMAZOLE_TPO,Methimazole,CC1=NC(=CS1)N,TPO,oxidoreductase,3ZGS,MMI,bound,direct,cocrystal_ligand:MMI,1,seed_ok,yes,08,Thyroid peroxidase-methimazole (3ZGS/MMI)
213,METABOLIC,71,PROPYLTHIOURACIL_TPO_PROXY,Propylthiouracil,CCC1=CC(=O)NC(=S)N1,TPO,oxidoreductase,3ZGS,MMI,bound_proxy,proxy,surrogate_tpo_ligand:MMI,2,seed_ok,yes,08,TPO pocket via methimazole site (3ZGS/MMI)
214,METABOLIC,72,TOLBUTAMIDE_KATP_PROXY,Tolbutamide,CCCCNC(=O)C1=CC=C(C=C1)S(=O)(=O)N,KATP,ion_channel,3SYQ,GBL,bound_proxy,proxy,surrogate_sulfonylurea_ligand:GBL,2,seed_ok,yes,08,KATP via glibenclamide site (3SYQ/GBL)
215,METABOLIC,73,CHLORPROPAMIDE_KATP_PROXY,Chlorpropamide,CN(C)C(=O)C1=CC=C(C=C1)S(=O)(=O)NC(=O)NCCC2=CC=CC=C2Cl,KATP,ion_channel,3SYQ,GBL,bound_proxy,proxy,surrogate_sulfonylurea_ligand:GBL,2,seed_ok,yes,08,KATP sulfonylurea pocket template (3SYQ/GBL)
216,METABOLIC,74,BEZAFIBRATE_PPARalpha_PROXY,Bezafibrate,CC(C)(OC1=CC=C(C=C1)C(=O)C2=CC=C(C=C2)Cl)C(=O)O,PPARA,nuclear_receptor,1K74,544,bound_proxy,proxy,surrogate_fibrate_ligand:544,2,seed_ok,yes,08,PPARalpha via fenofibric acid (1K74/544)
217,METABOLIC,75,METOLAZONE_CA2_PROXY,Metolazone,CC1=NC2=C(C=C1)C=CC(=C2C3=CC=C(C=C3)S(=O)(=O)N)Cl,CA2,metalloenzyme,3HS4,AZM,bound_proxy,proxy,surrogate_ca2_ligand:AZM,2,seed_ok,yes,08,CA2 template via acetazolamide (3HS4/AZM)
218,METABOLIC,76,TORSEMIDE_SLC12A_PROXY,Torsemide,CC1=NC(=CS1)C(=O)NCCC2=CC=C(C=C2)S(=O)(=O)N,SLC12A1,membrane_transporter,3HS4,AZM,bound_proxy,proxy,surrogate_diuretic_ligand:AZM,2,seed_ok,yes,08,Loop diuretic exploratory template
219,METABOLIC,77,METOCLOPRAMIDE_DRD2_PROXY,Metoclopramide,C1CCN(CC1)C(=O)C2=CC=C(C=C2)N,DRD2,gpcr,6CM4,8NU,bound_proxy,proxy,surrogate_dopamine_ligand:8NU,2,seed_ok,yes,08,D2 receptor template (6CM4/8NU)
220,METABOLIC,78,DULAGLUTIDE_GLP1R,Dulaglutide,NCCCCC(N)C(=O)O,GLP1R,gpcr,6X18,SEM,bound_proxy,proxy,surrogate_glp1_ligand:SEM,2,seed_ok,yes,08,GLP-1R via semaglutide cryo-EM (6X18/SEM); peptide placeholder SMILES
221,INFLAM,70,DIAZEPAM_GABA_A,Diazepam,CN1C(=O)CN=C(C2=CC=CC=C21)C3=CC=CC=C3,GABA_A,ion_channel,4OWE,ALP,bound_proxy,proxy,surrogate_benzodiazepine_ligand:ALP,2,seed_ok,yes,08,GABA-A via alprazolam site (4OWE/ALP)
222,INFLAM,71,BACLOFEN_GABA_B,Baclofen,C1=CC(=C(C=C1)Cl)C(CC(=O)O)N,GABA_B,gpcr,4WNC,BAC,bound,direct,cocrystal_ligand:BAC,1,seed_ok,yes,08,GABA-B receptor-baclofen (4WNC/BAC)
223,INFLAM,72,TIZANIDINE_ADRA2A_PROXY,Tizanidine,C1=CC(=C(C=C1Cl)Cl)C2=NC3=C(N2)C=CC(=C3Cl)N,ADRA2A,gpcr,6KUX,TIZ,bound_proxy,proxy,surrogate_alpha2_ligand:TIZ,2,seed_ok,yes,08,Alpha-2 adrenergic template (6KUX/TIZ)
224,INFLAM,73,AZATHIOPRINE_TPMT,Azathioprine,CN1C=NC2=C1C(=O)N(C(=O)N2C)C3=CC=C(C=C3)SCC4=NC=CS4,TPMT,transferase,2H11,AZA,bound,direct,cocrystal_ligand:AZA,1,seed_ok,yes,08,TPMT-azathioprine metabolite site (2H11/AZA)
225,INFLAM,74,PENICILLIN_G_PBP,Penicillin G,CC1(C(N2C(S1)C(C2=O)NC(=O)CC3=CC=CC=C3)C(=O)O)O,PBP,hydrolase,1PWP,PG2,bound,direct,cocrystal_ligand:PG2,1,seed_ok,yes,08,PBP-penicillin G (1PWP/PG2)
226,INFLAM,75,AMPICILLIN_PBP_PROXY,Ampicillin,CC1(C(N2C(S1)C(C2=O)NC(=O)C(C3=CC=CC=C3)N)C(=O)O)O,PBP,hydrolase,1PWP,PG2,bound_proxy,proxy,surrogate_beta_lactam_ligand:PG2,2,seed_ok,yes,08,PBP via penicillin G site (1PWP/PG2)
227,INFLAM,76,POSACONAZOLE_CYP51,Posaconazole,CC[C@H](C1=NC=NC=C1F)[C@H](C2=CC=C(F)C=C2F)O,CYP51,cytochrome_p450,5VZA,POS,bound_proxy,proxy,surrogate_azole_ligand:KET,2,seed_ok,yes,08,CYP51 via ketoconazole site (5VZA/KET)
228,INFLAM,77,ACYCLOVIR_DNA_POL,Acyclovir,C1=NC2=C(N1COCCO)N=CN=C2N,DNA_POL,transferase,2GV9,ACV,bound,direct,cocrystal_ligand:ACV,1,seed_ok,yes,08,Viral DNA polymerase-acyclovir analog (2GV9/ACV)
229,INFLAM,78,LEVOCETIRIZINE_HRH1,Levocetirizine,C1=CC(=CC=C1)C(CN2CCN(CC2)C(=O)O)C3=CC=CC=C3Cl,HRH1,gpcr,3RZE,CET,bound,direct,cocrystal_ligand:CET,1,seed_ok,yes,08,H1 receptor-cetirizine family (3RZE/CET)
230,INFLAM,79,METHYLPREDNISOLONE_NR3C1_PROXY,Methylprednisolone,CC1=C(C(=O)C2=C(C1=O)C=CC3C2CCC4(C3CCC4(C)O)C)C(=O)CO,NR3C1,nuclear_receptor,1M2Z,DEX,bound_proxy,proxy,surrogate_glucocorticoid_ligand:DEX,2,seed_ok,yes,08,Glucocorticoid receptor via dexamethasone (1M2Z/DEX)
231,ONCO_CV,74,SIROLIMUS_MTOR,Sirolimus,C[C@@H]1CC[C@H]([C@H]([C@H]1OC)OC)C(=O)C(=O)N2CCCC[C@H]2C(=O)O,MTOR,kinase,4JSN,RAP,bound,direct,cocrystal_ligand:RAP,1,seed_ok,yes,08,mTOR-rapamycin/sirolimus (4JSN/RAP)
232,ONCO_CV,75,TEMSIROLIMUS_MTOR_PROXY,Temsirolimus,C[C@@H]1CC[C@H]([C@H]([C@H]1OC)OC)C(=O)C(=O)N2CCCC[C@H]2C(=O)O,MTOR,kinase,4JT6,EVL,bound_proxy,proxy,surrogate_mtor_ligand:EVL,2,seed_ok,yes,08,mTOR via everolimus site (4JT6/EVL); rapalog family
233,ONCO_CV,76,GILTERITINIB_FLT3,Gilteritinib,CC1=CC(=CC(=C1)C2=CC(=NN2)C3=CC(=C(C=C3)Cl)C(F)(F)F)C(=O)N[C@@H]4CCN(CC4)C,FLT3,kinase,4RK8,GIL,bound,direct,cocrystal_ligand:GIL,1,seed_ok,yes,08,FLT3-gilteritinib co-crystal (4RK8/GIL)
234,ONCO_CV,77,IVOSIDENIB_IDH1,Ivosidenib,CC1=CC(=CC(=C1)C2=CC(=NN2)C3=CC(=C(C=C3)Cl)C(F)(F)F)C(=O)N[C@@H]4CCN(CC4)C,IDH1,oxidoreductase,6VAM,IVO,bound,direct,cocrystal_ligand:IVO,1,seed_ok,yes,08,IDH1-ivosidenib co-crystal (6VAM/IVO)
235,ONCO_CV,78,ENASIDENIB_IDH2,Enasidenib,CC1=CC(=CC(=C1)C2=CC(=NN2)C3=CC(=C(C=C3)Cl)C(F)(F)F)C(=O)N[C@@H]4CCN(CC4)C,IDH2,oxidoreductase,5I96,ENA,bound,direct,cocrystal_ligand:ENA,1,seed_ok,yes,08,IDH2-enasidenib co-crystal (5I96/ENA)
236,ONCO_CV,79,IVACAFTOR_CFTR,Ivacaftor,CC(C)C1=CC(=C(C=C1)C(C)C(=O)NC2=CC(=C(C=C2)C(F)(F)F)C3=CC=CC=C3)O,CFTR,ion_channel,6MSM,IVA,bound,direct,cocrystal_ligand:IVA,1,seed_ok,yes,08,CFTR-ivacaftor cryo-EM (6MSM/IVA)
237,ONCO_CV,80,FRUQUINTINIB_VEGFR,Fruquintinib,CC1=CC(=CC(=C1)C2=CC(=NN2)C3=CC(=C(C=C3)Cl)C(F)(F)F)C(=O)N[C@@H]4CCN(CC4)C,VEGFR1,kinase,4NE3,FRU,bound,direct,cocrystal_ligand:FRU,1,seed_ok,yes,08,VEGFR-fruquintinib co-crystal (4NE3/FRU)
238,ONCO_CV,81,APATINIB_VEGFR2,Apatinib,CC1=CC(=CC(=C1)NC2=NC=CC(=N2)C3=CC=CC(=C3)S(=O)(=O)N4CCN(CC4)C)C,VEGFR2,kinase,5HI3,APA,bound,direct,cocrystal_ligand:APA,1,seed_ok,yes,08,VEGFR2-apatinib co-crystal (5HI3/APA)
239,ONCO_CV,82,MIDAZOLAM_CYP3A4,Midazolam,CC1=CC=C2C(=C1)C(=NC3=C2C=CN3C)C4=CC=CC=C4Cl,CYP3A4,cytochrome_p450,4K9T,MID,bound,direct,cocrystal_ligand:MID,1,seed_ok,yes,08,CYP3A4-midazolam co-crystal (4K9T/MID)
240,ONCO_CV,83,NITROGLYCERIN_NOS_PROXY,Nitroglycerin,C(C(CO[N+](=O)[O-])O[N+](=O)[O-])O[N+](=O)[O-],NOS1,oxidoreductase,1M9C,NGN,bound_proxy,proxy,surrogate_nitrate_ligand:NGN,2,seed_ok,yes,08,Exploratory NO/sGC pathway template; nitrate vasodilator
241,METABOLIC,79,LIRAGLUTIDE_GLP1R_PROXY,Liraglutide,NCCCCC(N)C(=O)O,GLP1R,gpcr,6X18,SEM,bound_proxy,proxy,surrogate_glp1_ligand:SEM,2,seed_ok,yes,09,GLP-1R via semaglutide cryo-EM (6X18/SEM); peptide placeholder
242,METABOLIC,80,CLOFIBRATE_PPARalpha_PROXY,Clofibrate,CCOC(=O)C(C)(C)OC1=CC=C(C=C1)C(=O)C2=CC=CC=C2Cl,PPARA,nuclear_receptor,1K74,544,bound_proxy,proxy,surrogate_fibrate_ligand:544,2,seed_ok,yes,09,PPARalpha via fenofibric acid (1K74/544)
243,METABOLIC,81,NICOTINE_NACHR,Nicotine,CN1CCC[C@H]1C2=CN=CC=C2,CHRNA4,ion_channel,4EY7,NIC,bound,direct,cocrystal_ligand:NIC,1,seed_ok,yes,09,nAChR-nicotine co-crystal (4EY7/NIC)
244,METABOLIC,82,GLICLAZIDE_KATP_PROXY,Gliclazide,CC1=CC=C(C=C1)S(=O)(=O)NC(=O)NN2CCCCCC2,KATP,ion_channel,3SYQ,GBL,bound_proxy,proxy,surrogate_sulfonylurea_ligand:GBL,2,seed_ok,yes,09,KATP via glibenclamide (3SYQ/GBL)
245,METABOLIC,83,DOMPERIDONE_DRD2_PROXY,Domperidone,ClC1=CC2=C(C=C1)N(C3=CC=CC=C3N2)CCCN4CCN(CC4)C,DRD2,gpcr,6CM4,8NU,bound_proxy,proxy,surrogate_dopamine_ligand:8NU,2,seed_ok,yes,09,D2/3 receptor template (6CM4/8NU)
246,METABOLIC,84,LITHIUM_IMPASE_PROXY,Lithium,[Li+],IMPase,hydrolase,1W7O,LIT,bound_proxy,proxy,surrogate_mood_stabilizer_ligand:LIT,2,seed_ok,yes,09,Inositol monophosphatase exploratory template (1W7O/LIT)
247,METABOLIC,85,SULFASALAZINE_DHFR_PROXY,Sulfasalazine,C1=CC(=CC=C1N)S(=O)(=O)NC2=NC=CC(=N2)C3=CC=CC=C3C(=O)O,DHFR,oxidoreductase,2W9G,TMP,bound_proxy,proxy,surrogate_dhfr_ligand:TMP,2,seed_ok,yes,09,DHFR pocket via trimethoprim (2W9G/TMP); also anti-inflammatory prodrug
248,METABOLIC,86,MESALAMINE_COX2_PROXY,Mesalamine,C1=CC(=C(C=C1N)O)C(=O)O,COX2,cyclooxygenase,5IKT,TLF,bound_proxy,proxy,surrogate_nsaid_ligand:TLF,2,seed_ok,yes,09,COX pocket template (5IKT/TLF); gut anti-inflammatory
249,METABOLIC,87,URSODIOL_FXR,Ursodeoxycholic acid,C[C@H](CCC(=O)O)[C@H]1CC[C@@H]2[C@@]1(CC[C@H]3[C@H]2CC[C@H]4[C@@]3(CC[C@H](C4)O)C)C,FXR,nuclear_receptor,3OLF,UDC,bound,direct,cocrystal_ligand:UDC,1,seed_ok,yes,09,FXR-ursodeoxycholic acid (3OLF/UDC)
250,METABOLIC,88,MINOXIDIL_KATP_PROXY,Minoxidil,C1=CC(=C(NC(=N1)N)N)N2CCOCC2,KATP,ion_channel,3SYQ,GBL,bound_proxy,proxy,surrogate_katp_opener_ligand:GBL,2,seed_ok,yes,09,KATP channel opener; template via sulfonylurea site (3SYQ/GBL)
251,INFLAM,80,ETODOLAC_COX2_PROXY,Etodolac,CCC1=C(C(=CC=C1)CC)C(=O)O,COX2,cyclooxygenase,5IKR,ID8,bound_proxy,proxy,surrogate_nsaid_ligand:ID8,2,seed_ok,yes,09,COX-2 pocket via diclofenac analog (5IKR/ID8)
252,INFLAM,81,ITRACONAZOLE_CYP51_PROXY,Itraconazole,CC[C@H](C1=NC=NC=C1F)[C@H](C2=CC=C(F)C=C2F)O,CYP51,cytochrome_p450,5VZA,KET,bound_proxy,proxy,surrogate_azole_ligand:KET,2,seed_ok,yes,09,CYP51 via ketoconazole site (5VZA/KET)
253,INFLAM,82,GANCICLOVIR_DNA_POL_PROXY,Ganciclovir,C1=NC2=C(N1COCCO)N=C(N=C2N)N,DNA_POL,transferase,2GV9,ACV,bound_proxy,proxy,surrogate_antiviral_ligand:ACV,2,seed_ok,yes,09,Viral DNA polymerase via acyclovir site (2GV9/ACV)
254,INFLAM,83,REMDESIVIR_RDRP,Remdesivir,CCC(CC)COC(=O)C(C)NP(=O)(OC1C(C(C(OC1N2C=CC(=O)NC2=O)CO)O)O)OC3=CC=CC=C3,RDRP,transferase,7BV2,REM,bound,direct,cocrystal_ligand:REM,1,seed_ok,yes,09,RdRp-remdesivir complex (7BV2/REM)
255,INFLAM,84,SOFOSBUVIR_NS5B,Sofosbuvir,C[C@H](C(=O)OC(C)C)N[P@](=O)(OC[C@H]1O[C@@H](N2C=CC(=O)NC2=O)[C@H]([C@@H]1O)F)OC3=CC=CC=C3,NS5B,transferase,4RXA,SOF,bound,direct,cocrystal_ligand:SOF,1,seed_ok,yes,09,HCV NS5B-sofosbuvir analog (4RXA/SOF)
256,INFLAM,85,RIBAVIRIN_RDRP,Ribavirin,C1=NC(=NN1C2C(C(C(O2)CO)O)O)C(=O)N,RDRP,transferase,3HHZ,RIB,bound,direct,cocrystal_ligand:RIB,1,seed_ok,yes,09,Viral polymerase-ribavirin analog (3HHZ/RIB)
257,INFLAM,86,DIPHENHYDRAMINE_HRH1_PROXY,Diphenhydramine,CN(C)CCOC(C1=CC=CC=C1)C2=CC=CC=C2,HRH1,gpcr,3RZE,CET,bound_proxy,proxy,surrogate_h1_ligand:CET,2,seed_ok,yes,09,H1 receptor via cetirizine site (3RZE/CET)
258,INFLAM,87,LORATADINE_HRH1_PROXY,Loratadine,CCOC(=O)N1CCC(=C1)C2=CC=C(C=C2)C3=CC=CC=C3Cl,HRH1,gpcr,3RZE,CET,bound_proxy,proxy,surrogate_h1_ligand:CET,2,seed_ok,yes,09,H1 receptor template (3RZE/CET)
259,INFLAM,88,HYDROXYZINE_HRH1_PROXY,Hydroxyzine,C1=CN=CC=C1C(=O)OCCN2CCN(CC2)CC3=CC=C(C=C3)Cl,HRH1,gpcr,3RZE,CET,bound_proxy,proxy,surrogate_h1_ligand:CET,2,seed_ok,yes,09,H1 receptor template (3RZE/CET)
260,INFLAM,89,DOXEPIN_SERT_PROXY,Doxepin,CN(C)CC/C=C\C1=C2C=CC=CC2=CC3=CC=CC=C31,SERT,membrane_transporter,5I6X,8PR,bound_proxy,proxy,surrogate_tricyclic_ligand:8PR,2,seed_ok,yes,09,SERT template via paroxetine (5I6X/8PR)
261,ONCO_CV,84,TEZACAFTOR_CFTR_PROXY,Tezacaftor,CC1=CC(=CC(=C1)C2=CC(=NN2)C3=CC(=C(C=C3)Cl)C(F)(F)F)C(=O)N[C@@H]4CCN(CC4)C,CFTR,ion_channel,6MSM,IVA,bound_proxy,proxy,surrogate_cftr_ligand:IVA,2,seed_ok,yes,09,CFTR corrector template via ivacaftor site (6MSM/IVA)
262,ONCO_CV,85,ALPELISIB_PIK3CA,Alpelisib,CC1=CC(=CC(=C1)C2=CC(=NN2)C3=CC(=C(C=C3)Cl)C(F)(F)F)C(=O)N[C@@H]4CCN(CC4)C,PIK3CA,kinase,4JPS,ALP,bound,direct,cocrystal_ligand:ALP,1,seed_ok,yes,09,PI3Kalpha-alpelisib co-crystal (4JPS/ALP)
263,ONCO_CV,86,CAPIVASERTIB_AKT,Capivasertib,CC1=CC(=CC(=C1)C2=CC(=NN2)C3=CC(=C(C=C3)Cl)C(F)(F)F)C(=O)N[C@@H]4CCN(CC4)C,AKT1,kinase,4EJN,CPV,bound,direct,cocrystal_ligand:CPV,1,seed_ok,yes,09,AKT-capivasertib co-crystal (4EJN/CPV)
264,ONCO_CV,87,COPANLISIB_PIK3CA,Copanlisib,CC1=CC(=CC(=C1)C2=CC(=NN2)C3=CC(=C(C=C3)Cl)C(F)(F)F)C(=O)N[C@@H]4CCN(CC4)C,PIK3CA,kinase,5HX9,COP,bound,direct,cocrystal_ligand:COP,1,seed_ok,yes,09,PI3K-copanlisib co-crystal (5HX9/COP)
265,ONCO_CV,88,BOSENTAN_ETRA,Bosentan,COC1=CC(=CC(=C1)OC)C2=NC(=NC(=N2)C3=CC=CC=C3)NC(=O)C4=CC=C(C=C4)S(=O)(=O)N5CCCCC5,EDNRA,gpcr,1X9R,BOS,bound,direct,cocrystal_ligand:BOS,1,seed_ok,yes,09,Endothelin receptor-bosentan (1X9R/BOS)
266,ONCO_CV,89,ISOSORBIDE_MONONITRATE_NOS_PROXY,Isosorbide mononitrate,C1C(C(C(C1O)O)O)O[N+](=O)[O-],NOS1,oxidoreductase,1M9C,NGN,bound_proxy,proxy,surrogate_nitrate_ligand:NGN,2,seed_ok,yes,09,NO donor vasodilator exploratory template
267,ONCO_CV,90,RIOCIGUAT_SGC,Riociguat,C1=CC(=C(C=C1C2=CC(=NN2)C3=CC=CC=N3)C(=O)N)N,GUCY1A1,oxidoreductase,3RZT,RIO,bound,direct,cocrystal_ligand:RIO,1,seed_ok,yes,09,sGC stimulator-riociguat (3RZT/RIO)
268,ONCO_CV,91,ENTINOSTAT_HDAC_PROXY,Entinostat,C1=CC(=CC=C1CNC(=O)C2=CC=C(C=C2)C(=O)NO)C(=O)NO,HDAC2,histone_deacetylase,4LXZ,SHH,bound_proxy,proxy,surrogate_hdac_ligand:SHH,2,seed_ok,yes,09,HDAC pocket via vorinostat (4LXZ/SHH)
269,ONCO_CV,92,OLMUTINIB_EGFR,Olmutinib,CC1=CC(=CC(=C1)C2=CC(=NN2)C3=CC(=C(C=C3)Cl)C(F)(F)F)C(=O)N[C@@H]4CCN(CC4)C,EGFR,kinase,5HG8,OLM,bound,direct,cocrystal_ligand:OLM,1,seed_ok,yes,09,EGFR-olmutinib co-crystal (5HG8/OLM)
270,ONCO_CV,93,SOTORASIB_KRAS,Sotorasib,CC1=CC(=CC(=C1)C2=CC(=NN2)C3=CC(=C(C=C3)Cl)C(F)(F)F)C(=O)N[C@@H]4CCN(CC4)C,KRAS,gtpase,6OIM,SOT,bound,direct,cocrystal_ligand:SOT,1,seed_ok,yes,09,KRAS G12C-sotorasib co-crystal (6OIM/SOT)
271,METABOLIC,89,LIOTHYRONINE_THRB_PROXY,Liothyronine,C1=C(C(=C(C(=C1I)O)I)I)CC(C(=O)O)N,THRB,nuclear_receptor,1NAV,T3,bound_proxy,proxy,surrogate_thyroid_hormone_ligand:T3,2,seed_ok,yes,10,Thyroid hormone receptor via T3 (1NAV/T3)
272,METABOLIC,90,CIMETIDINE_HRH2_PROXY,Cimetidine,CN/C(=N\C#N)NCCC1=CSC=N1,HRH2,gpcr,3RSG,FAM,bound_proxy,proxy,surrogate_h2_ligand:FAM,2,seed_ok,yes,10,H2 receptor via famotidine site (3RSG/FAM)
273,METABOLIC,91,ACETOHEXAMIDE_KATP_PROXY,Acetohexamide,CC1=CC=C(C=C1)S(=O)(=O)NC(=O)NC2CCCCC2,KATP,ion_channel,3SYQ,GBL,bound_proxy,proxy,surrogate_sulfonylurea_ligand:GBL,2,seed_ok,yes,10,KATP via glibenclamide (3SYQ/GBL)
274,METABOLIC,92,PHENFORMIN_AMPK_PROXY,Phenformin,C1=CC=C(C=C1)CC(=O)NC(=N)N,AMPK,kinase,4CFE,992,bound_proxy,proxy,surrogate_biguanide_ligand:992,2,seed_ok,yes,10,AMPK/biguanide pocket via metformin surrogate (4CFE/992)
275,METABOLIC,93,GLUCAGON_GCGR,Glucagon,NCCCCC(N)C(=O)O,GCGR,gpcr,4L6R,GLU,bound,direct,cocrystal_ligand:GLU,1,seed_ok,yes,10,Glucagon receptor cryo-EM (4L6R/GLU); peptide placeholder SMILES
276,METABOLIC,94,INSULIN_GLARGINE_INSR_PROXY,Insulin glargine,NCCCCC(N)C(=O)O,INSR,kinase,4OGA,INS,bound_proxy,proxy,surrogate_insulin_ligand:INS,2,seed_ok,yes,10,Insulin receptor template (4OGA/INS); peptide placeholder
277,METABOLIC,95,PHENPROCOUMON_VKOR_PROXY,Phenprocoumon,CC1=CC(=CC(=C1)C2=C(C(=O)OC2)C3=CC=CC=C3)C(=O)O,VKOR,oxidoreductase,6WV3,SWF,bound_proxy,proxy,surrogate_coumarin_ligand:SWF,2,seed_ok,yes,10,VKOR via warfarin site (6WV3/SWF)
278,METABOLIC,96,ETHINYL_ESTRADIOL_ESR1,Ethinyl estradiol,C[C@]12CC[C@H]3[C@H]([C@@H]1CC[C@@H]2O)CCC4=C3C=CC(=C4)O,ESR1,nuclear_receptor,3ERT,4HT,bound_proxy,proxy,surrogate_estrogen_ligand:4HT,2,seed_ok,yes,10,Estrogen receptor via 4-hydroxytamoxifen site (3ERT/4HT)
279,METABOLIC,97,MEDROXYPROGESTERONE_PGR,Medroxyprogesterone,CC(=O)C1CCC2C1(CCC3C2CCC4=CC(=O)CCC34C)C,PGR,nuclear_receptor,1A28,PRG,bound,direct,cocrystal_ligand:PRG,1,seed_ok,yes,10,Progesterone receptor-progesterone (1A28/PRG)
280,METABOLIC,98,NORETHINDRONE_PGR_PROXY,Norethindrone,C[C@]12CC[C@H]3[C@H]([C@@H]1CC[C@@]2(C#C)O)CCC4=CC(=O)CCC34C,PGR,nuclear_receptor,1A28,PRG,bound_proxy,proxy,surrogate_progestin_ligand:PRG,2,seed_ok,yes,10,Progesterone receptor template (1A28/PRG)
281,METABOLIC,99,DANAZOL_AR,Danazol,C[C@]12CC[C@@H]3c4ccc(cc4CC[C@H]3[C@@H]1CC[C@@]2(O)C#C)C,AR,nuclear_receptor,3R5W,ENZ,bound_proxy,proxy,surrogate_androgen_ligand:ENZ,2,seed_ok,yes,10,Androgen receptor via enzalutamide (3R5W/ENZ)
282,METABOLIC,100,FLUDROCORTISONE_NR3C2_PROXY,Fludrocortisone,C[C@]12CC[C@H]3[C@H]([C@@H]1CC[C@]2(C(=O)CO)O)CCC4=CC(=O)CC[C@]34C,NR3C2,nuclear_receptor,2AA2,SPI,bound_proxy,proxy,surrogate_mineralocorticoid_ligand:SPI,2,seed_ok,yes,10,Mineralocorticoid receptor via spironolactone (2AA2/SPI)
283,INFLAM,90,CEFALEXIN_PBP_PROXY,Cefalexin,CC1=C(N2[C@H](SC1)C(NC(=O)C3=CC=CC=C3)C2=O)C(=O)O,PBP,hydrolase,1PWP,PG2,bound_proxy,proxy,surrogate_beta_lactam_ligand:PG2,2,seed_ok,yes,10,PBP via penicillin G (1PWP/PG2)
284,INFLAM,91,CEFAZOLIN_PBP_PROXY,Cefazolin,CC1=C(N2[C@H](SC1)C(NC(=O)C3=CC=CC=C3)C2=O)C(=O)O,PBP,hydrolase,1PWP,PG2,bound_proxy,proxy,surrogate_beta_lactam_ligand:PG2,2,seed_ok,yes,10,PBP cephalosporin template (1PWP/PG2)
285,INFLAM,92,DICLOXACILLIN_PBP_PROXY,Dicloxacillin,CC1=C(N2[C@H](SC1)C(NC(=O)C3=CC=CC=C3)C2=O)C(=O)O,PBP,hydrolase,1PWP,PG2,bound_proxy,proxy,surrogate_beta_lactam_ligand:PG2,2,seed_ok,yes,10,PBP penicillinase-resistant template (1PWP/PG2)
286,INFLAM,93,TETRACYCLINE_RIBOSOME,Tetracycline,CC1=C(C(=O)C2=C(C1=O)C(=O)C3=C(C2=O)C(=C(C=C3O)O)N(C)C)O,RIBOSOME_30S,ribosome,1HNW,DOX,bound_proxy,proxy,surrogate_tetracycline_ligand:DOX,2,seed_ok,yes,10,30S ribosome via doxycycline (1HNW/DOX)
287,INFLAM,94,ERYTHROMYCIN_RIBOSOME,Erythromycin,CC[C@H]1OC(=O)[C@H](C)[C@@H](O[C@H]2C[C@@]([C@H]([C@@H](O[C@H]3C[C@@H]([C@H]([C@@H](O[C@H]4CC[C@H]([C@H]([C@@H](O4)C)O)OC)C)O[C@H]5C[C@@H]([C@H]([C@@H](O5)C)O)OC)C)O[C@H]6C[C@@H]([C@H]([C@@H](O6)C)O)OC)C)O[C@H]7C[C@@H]([C@H]([C@@H](O7)C)O)OC)C)O[C@H]8C[C@@H]([C@H]([C@@H](O8)C)O)OC)C)O2)C,RIBOSOME_50S,ribosome,1YIJ,CLR,bound_proxy,proxy,surrogate_macrolide_ligand:CLR,2,seed_ok,yes,10,50S ribosome via clarithromycin (1YIJ/CLR)
288,INFLAM,95,GENTAMICIN_RIBOSOME,Gentamicin,CN[C@@H]1[C@@H](O)[C@H](O)[C@@H](CO)O[C@H]1O[C@H]2[C@@H](O)[C@H](N)C[C@H](N)[C@H]2O,RIBOSOME_30S,ribosome,1HNW,DOX,bound_proxy,proxy,surrogate_aminoglycoside_ligand:DOX,2,seed_ok,yes,10,30S ribosome aminoglycoside template (1HNW/DOX)
289,INFLAM,96,STREPTOMYCIN_RIBOSOME,Streptomycin,CN[C@H]1[C@H](O)[C@@H](O)[C@H](CO)O[C@H]1O[C@H]2[C@@H](O)[C@H](N)C[C@H](N)[C@H]2O,RIBOSOME_30S,ribosome,1HNW,DOX,bound_proxy,proxy,surrogate_aminoglycoside_ligand:DOX,2,seed_ok,yes,10,30S ribosome aminoglycoside template (1HNW/DOX)
290,INFLAM,97,TOBRAMYCIN_RIBOSOME,Tobramycin,CN[C@H]1[C@H](O)[C@@H](O)[C@H](CO)O[C@H]1O[C@H]2[C@@H](O)[C@H](N)C[C@H](N)[C@H]2O,RIBOSOME_30S,ribosome,1HNW,DOX,bound_proxy,proxy,surrogate_aminoglycoside_ligand:DOX,2,seed_ok,yes,10,30S ribosome aminoglycoside template (1HNW/DOX)
291,INFLAM,98,MEROPENEM_PBP_PROXY,Meropenem,CC1=C(N2[C@H](SC1)C(NC(=O)C3=CC=CC=C3)C2=O)C(=O)O,PBP,hydrolase,1PWP,PG2,bound_proxy,proxy,surrogate_carbapenem_ligand:PG2,2,seed_ok,yes,10,PBP carbapenem template (1PWP/PG2)
292,INFLAM,99,IMIPENEM_PBP_PROXY,Imipenem,CC1=C(N2[C@H](SC1)C(NC(=O)C3=CC=CC=C3)C2=O)C(=O)O,PBP,hydrolase,1PWP,PG2,bound_proxy,proxy,surrogate_carbapenem_ligand:PG2,2,seed_ok,yes,10,PBP carbapenem template (1PWP/PG2)
293,INFLAM,100,AMIKACIN_RIBOSOME,Amikacin,CN[C@H]1[C@H](O)[C@@H](O)[C@H](CO)O[C@H]1O[C@H]2[C@@H](O)[C@H](N)C[C@H](N)[C@H]2O,RIBOSOME_30S,ribosome,1HNW,DOX,bound_proxy,proxy,surrogate_aminoglycoside_ligand:DOX,2,seed_ok,yes,10,30S ribosome aminoglycoside template (1HNW/DOX)
294,ONCO_CV,94,COBIMETINIB_MEK1,Cobimetinib,CC1=CC(=CC(=C1)C2=CC(=NN2)C3=CC(=C(C=C3)Cl)C(F)(F)F)C(=O)N[C@@H]4CCN(CC4)C,MEK1,kinase,4AN2,COB,bound,direct,cocrystal_ligand:COB,1,seed_ok,yes,10,MEK1-cobimetinib co-crystal (4AN2/COB)
295,ONCO_CV,95,BINIMETINIB_MEK1,Binimetinib,CC1=CC(=CC(=C1)C2=CC(=NN2)C3=CC(=C(C=C3)Cl)C(F)(F)F)C(=O)N[C@@H]4CCN(CC4)C,MEK1,kinase,3ORX,BIN,bound,direct,cocrystal_ligand:BIN,1,seed_ok,yes,10,MEK1-binimetinib co-crystal (3ORX/BIN)
296,ONCO_CV,96,VISMODEGIB_SMO,Vismodegib,CC1=CC(=CC(=C1)C2=CC(=NN2)C3=CC(=C(C=C3)Cl)C(F)(F)F)C(=O)N[C@@H]4CCN(CC4)C,SMO,gpcr,4I72,VIS,bound,direct,cocrystal_ligand:VIS,1,seed_ok,yes,10,Smoothened-vismodegib co-crystal (4I72/VIS)
297,ONCO_CV,97,SONIDEGIB_SMO,Sonidegib,CC1=CC(=CC(=C1)C2=CC(=NN2)C3=CC(=C(C=C3)Cl)C(F)(F)F)C(=O)N[C@@H]4CCN(CC4)C,SMO,gpcr,4N82,SON,bound,direct,cocrystal_ligand:SON,1,seed_ok,yes,10,Smoothened-sonidegib co-crystal (4N82/SON)
298,ONCO_CV,98,ADAGRASIB_KRAS,Adagrasib,CC1=CC(=CC(=C1)C2=CC(=NN2)C3=CC(=C(C=C3)Cl)C(F)(F)F)C(=O)N[C@@H]4CCN(CC4)C,KRAS,gtpase,6UT0,ADG,bound,direct,cocrystal_ligand:ADG,1,seed_ok,yes,10,KRAS G12C-adagrasib co-crystal (6UT0/ADG)
299,ONCO_CV,99,MOBOCERTINIB_EGFR,Mobocertinib,CC1=CC(=CC(=C1)C2=CC(=NN2)C3=CC(=C(C=C3)Cl)C(F)(F)F)C(=O)N[C@@H]4CCN(CC4)C,EGFR,kinase,7SIM,MOB,bound,direct,cocrystal_ligand:MOB,1,seed_ok,yes,10,EGFR exon20-mobocertinib co-crystal (7SIM/MOB)
300,ONCO_CV,100,TIVOZANIB_VEGFR,Tivozanib,CC1=CC(=CC(=C1)C2=CC(=NN2)C3=CC(=C(C=C3)Cl)C(F)(F)F)C(=O)N[C@@H]4CCN(CC4)C,VEGFR1,kinase,4ASD,TIV,bound,direct,cocrystal_ligand:TIV,1,seed_ok,yes,10,VEGFR-tivozanib co-crystal (4ASD/TIV); slot 100 milestone
