drug_id,canonical_name,index_key,pdb_id,het_id,target_label,family,tier,anchor_mode,symptom_group,smiles,status,best_affinity,qc_pass,paper_outcome,route_status,route_fallback,session_id,elapsed_s,has_manifest
25,Metformin,AMPK_METFORMIN_PROXY,4CFE,992,AMPK,kinase,2,proxy,METABOLIC,CN(C)C(=N)NC(=N)N,ok,-5.102,False,QC-flagged,direct_ok,False,9ebbce7340b7931f,176.8,True
26,Sitagliptin,SITAGLIPTIN_DPP4,1X70,715,DPP4,serine_protease,1,direct,METABOLIC,C1CN2C(=NN=C2C(F)(F)F)CN1C(=O)C[C@@H](CC3=CC(=C(C=C3F)F)F)N,ok,-8.859,True,Pass,direct_ok,False,6cdc0d35bebdfd85,236.9,True
27,Atorvastatin,ATORVASTATIN_HMGCR_PROXY,1HWK,117,HMGCR,oxidoreductase,1,direct,METABOLIC,CC(C)C1=C(C(=C(N1CCC(CC(CC(=O)O)O)O)C2=CC=C(C=C2)F)C3=CC=CC=C3)C(=O)NC4=CC=CC=C4,ok,-8.714,True,Pass,direct_ok,False,22fedb45a5c250d5,181.9,True
28,Aspirin,ASPIRIN_COX2,5IKT,TLF,COX2,cyclooxygenase,1,direct,INFLAM,CC(=O)OC1=CC=CC=C1C(=O)O,ok,-6.673,False,QC-flagged,direct_ok,False,a3143655e2919427,152.2,True
29,Omeprazole,OMEPRAZOLE_CYP2C19,4GQS,0XV,CYP2C19,cytochrome_p450,2,proxy,METABOLIC,CC1=CN=C(C(=C1OC)C)CS(=O)C2=NC3=C(N2)C=C(C=C3)OC,ok,-8.57,True,Pass,direct_ok,False,f03eede6e628958c,197.3,True
30,Amlodipine,AMLODIPINE_CACNA1C_PROXY,8WE8,6UB,CACNA1C,ion_channel,1,direct,METABOLIC,CCOC(=O)C1=C(NC(=C(C1C2=CC=CC=C2Cl)C(=O)OC)C)COCCN,ok,-7.055,False,QC-flagged,direct_ok,False,316189372316ee9c,210.2,True
31,Losartan,LOSARTAN_AT1R_PROXY,4ZUD,OLM,AT1R,gpcr,2,proxy,METABOLIC,CCCC1=NC(=C(N1CC2=CC=C(C=C2)C3=CC=CC=C3C4=NNN=N4)C)C(=O)O,ok,-9.237,True,Pass,direct_ok,False,f27ddb5f4a82a41b,65.0,True
32,Rosuvastatin,ROSUVASTATIN_HMGCR,3B7Q,6PL,HMGCR,oxidoreductase,1,direct,METABOLIC,CC(C)C1=NC(=NC=C1C(C)C)C(=O)NC2=CC=C(C=C2)C(F)(F)F,ok,-9.488,True,Pass,direct_ok,False,ec560eb83ee7eb0a,61.7,True
33,Simvastatin,SIMVASTATIN_HMGCR,1HW9,SIM,HMGCR,oxidoreductase,1,direct,METABOLIC,CCC(C)(C)C(=O)OC1CC(C)=C/2C=CC(C)C(CCC(C)3CC(C)C(C=CC)O3)C2C1,ok,-6.727,False,QC-flagged,direct_ok,False,65c19611400eb4c1,113.5,True
34,Pioglitazone,PIOGLITAZONE_PPARGAMMA_PROXY,2PRG,BRL,PPARG,nuclear_receptor,2,proxy,METABOLIC,CCNC(=O)C1=CC=C(C=C1)CCOC2=CC=C(C=C2)CC3S(=O)(=O)NC4=CC=CC=C43,ok,-10.28,True,Pass,direct_ok,False,76c353230cb47516,68.8,True
35,Empagliflozin,EMPAGLIFLOZIN_SGLT2,7VSI,7R3,SGLT2,membrane_transporter,1,direct,METABOLIC,OC[C@H]1O[C@H]([C@H](O)[C@@H](O)[C@@H]1O)C1=CC=C(Cl)C(CC2=CC=C(C=C2)OCC2CC2)=C1,ok,-9.695,True,Pass,direct_ok,False,6fec546ae0adeef6,81.8,True
36,Saxagliptin,SAXAGLIPTIN_DPP4,3C43,315,DPP4,serine_protease,1,direct,METABOLIC,C1CC(OC1)C2=NC(=NN2C)C(=O)N[C@@H]3CC=CC=C3N,ok,-8.026,True,Pass,direct_ok,False,afd69009c8c6e20b,88.3,True
37,Lansoprazole,LANSOPRAZOLE_CYP2C19,4GQS,0XV,CYP2C19,cytochrome_p450,2,proxy,METABOLIC,CC1=C(OCC(F)(F)F)C=CN=C1CS(=O)C2=NC3=CC=CC=C3N2,ok,-8.797,True,Pass,direct_ok,False,eca99c33396b3396,206.8,True
38,Metoprolol,METOPROLOL_ADRB1_PROXY,2Y02,WHJ,ADRB1,gpcr,2,proxy,METABOLIC,COCCC1=CC=C(C=C1)OCC(O)CNC(C)C,ok,-6.944,True,Pass,direct_ok,False,4bfbdecd5fe8fdab,46.2,True
39,Fenofibrate,FENOFIBRATE_PPARALPHA,1K74,544,PPARA,nuclear_receptor,1,direct,METABOLIC,CC(C)OC(=O)C(C)(C)OC1=CC=C(C=C1)C(=O)C2=CC=C(C=C2)Cl,ok,-8.134,True,Pass,direct_ok,False,d7a6ccdf1970a7c1,61.7,True
40,Hydrochlorothiazide,HYDROCHLOROTHIAZIDE_CA2_PROXY,3HS4,AZM,CA2,metalloenzyme,2,proxy,METABOLIC,C1NC2=CC(=C(C=C2S(=O)(=O)N1)S(=O)(=O)N)Cl,ok,-5.87,False,QC-flagged,direct_ok,False,38d7f1bf7a642646,39.3,True
41,Diclofenac,DICLOFENAC_COX2,5IKR,ID8,COX2,cyclooxygenase,1,direct,INFLAM,C1=CC=C(C(=C1)CC(=O)O)NC2=C(C=CC=C2Cl)Cl,ok,-8.308,True,Pass,direct_ok,False,fc343a070d35398c,90.6,True
42,Naproxen,NAPROXEN_COX2,5IKT,TLF,COX2,cyclooxygenase,2,direct,INFLAM,COC1=CC2=C(C=C1)C=C(C=C2)C(C)C(=O)O,ok,-7.822,True,Pass,direct_ok,False,07cb450a60b15def,150.2,True
43,Meloxicam,MELOXICAM_COX2_PROXY,5IKR,ID8,COX2,cyclooxygenase,2,proxy,INFLAM,CC1=NC(=C(C(=O)N1S(=O)(=O)C2=NC=C(C)C(=O)N2C)C)C3=CC=C(C=C3)N,ok,-7.857,True,Pass,direct_ok,False,ea5259d6fde4001d,97.8,True
44,Hydroxychloroquine,HYDROXYCHLOROQUINE_LYSO_PROXY,4MLN,ODV,LYSOSOMAL,membrane,2,proxy,INFLAM,CCN(CC)CCCC(C)NC1=C2C=CC(=CC2=NC=C1)Cl,ok,-5.145,False,QC-flagged,direct_ok,False,3ceff3963d231f55,57.2,True
45,Montelukast,MONTELUKAST_CYSLT1_PROXY,6RZ4,KNT,CYSLT1,gpcr,2,proxy,INFLAM,CC(C)(O)C1=CC=C(C=C1)C(C)CC2=CC=C(C=C2)C3=CC=CC=C3,ok,-11.04,True,Pass,direct_ok,False,751e273738e31823,54.7,True
46,Albuterol,ALBUTEROL_ADRB2_PROXY,2Y00,Y00,ADRB2,gpcr,2,proxy,INFLAM,CC(C)(C)NCC(O)C1=CC(=C(C=C1)O)CO,ok,-6.847,True,Pass,direct_ok,False,26b4cf9a21b01c5f,42.1,True
47,Ciprofloxacin,CIPROFLOXACIN_GYRASE,2XCT,CPF,DNA_GYRASE,hydrolase,1,direct,INFLAM,C1CC1N2C=C(C(=O)C3=CC(=C(C=C32)F)N4CCNCC4)C(=O)O,ok,-7.461,True,Pass,direct_ok,False,fb9a5d3064305e2d,387.8,True
48,Prednisone,PREDNISONE_NR3C1_PROXY,1M2Z,DEX,NR3C1,nuclear_receptor,2,proxy,INFLAM,CC1=CC(=O)C2=C(C1=O)C=CC3C2CCC4(C3CCC4(C(=O)CO)O)C,ok,-9.496,False,QC-flagged,direct_ok,False,2e13c4f3a6f68e5c,60.5,True
49,Acetaminophen,ACETAMINOPHEN_COX2_PROXY,5IKT,TLF,COX2,cyclooxygenase,2,proxy,INFLAM,CC(=O)NC1=CC=C(C=C1)O,ok,-6.146,False,QC-flagged,direct_ok,False,f6aa48d5ed11a7f8,145.6,True
50,Fluoxetine,FLUOXETINE_SERT_PROXY,5I6X,8PR,SERT,membrane_transporter,2,proxy,INFLAM,CNCCC(C1=CC=CC=C1)OC2=CC=C(C=C2)C(F)(F)F,ok,-8.994,True,Pass,direct_ok,False,1ebe5b7c7781ca00,89.2,True
51,Dasatinib,DASATINIB_ABL,2GQG,1N1,ABL,kinase,1,direct,ONCO_CV,CC1=NC(=C(C=C1)NC(=O)C2=CC=C(C=C2)CN3CCN(CC3)CCO)C4=CC=CC=N4,ok,-9.212,True,Pass,direct_ok,False,9c840dcc3169ef1d,55.1,True
52,Sunitinib,SUNITINIB_VEGFR2,3G5E,Q74,VEGFR2,kinase,1,direct,ONCO_CV,CCN(CC)CCNC(=O)C1=C(C)NC(=C1C)C(=O)C2=CC=C(C=C2)F,ok,-9.273,True,Pass,direct_ok,False,7ec56c76167b9ad3,36.3,True
53,Lapatinib,LAPATINIB_EGFR,1XKK,FMM,EGFR,kinase,1,direct,ONCO_CV,CS(=O)(=O)CCNCC1=CC=C(O1)C2=CC3=C(C=C2)N=CN=C3NC4=CC(=C(C=C4)C(F)(F)F)OCC5=CC(=CC=C5)Cl,ok,-10.13,True,Pass,direct_ok,False,e5973b85b284af02,63.9,True
54,Palbociclib,PALBOCICLIB_CDK6,5L2I,LQQ,CDK6,kinase,1,direct,ONCO_CV,CC(=O)NC1=NC2=C(C=C(N2)C3=CC=C(N3C)C(F)(F)F)C(=N1)N4CCNCC4,ok,-10.25,True,Pass,direct_ok,False,0a00e25b69837d3e,32.0,True
55,Trametinib,TRAMETINIB_MEK1,7JUX,QOM,MEK1,kinase,1,direct,ONCO_CV,CN1C(=O)C(C)=C(N1C)N2C(=O)N(C)C(=O)C2=C(C)NC3=CC=C(I)C=C3F,ok,-8.328,True,Pass,,,9227759c44d3ecf0,60.0,True
56,Letrozole,LETROZOLE_CYP19,1E3Q,EBW,CYP19A1,cytochrome_p450,1,direct,ONCO_CV,C1=CC(=CC=C1CN2C(=NC=C2C(C)(C)C)C3=CC=C(C=C3)C#N)C#N,ok,-9.566,True,Pass,,,bec82e76ffb9573e,77.3,True
57,Anastrozole,ANASTROZOLE_CYP19,3S7S,EXM,CYP19A1,cytochrome_p450,1,direct,ONCO_CV,CC(C)(C)C1=CC(=CC(=C1)CN2C=NC3=CC=C(C=C3N2)C#N)C#N,ok,-10.02,True,Pass,,,fe11d1eb7ff27622,62.3,True
58,Venetoclax,VENETOCLAX_BCL2,6O0K,LBM,BCL2,apoptosis_regulator,1,direct,ONCO_CV,CC1=CC(=CC(=C1)C2=CC(=NC=C2)C3=CC(=C(C=C3)OC)Cl)C4=CC(=CC(=C4)C5=CC(=CC(=C5)C(=O)N6CCN(CC6)C)OC)C,ok,-10.23,True,Pass,,,8670f025502d9dc5,90.7,True
59,Dabrafenib,DABRAFENIB_BRAF,4XV2,P06,BRAF,kinase,1,direct,ONCO_CV,CC(C)(C)C1=NC(=C(S1)C2=NC=CC=N2)C3=C(C=CC(=C3)NS(=O)(=O)C4=CC=C(C=C4)N)F,ok,-9.434,True,Pass,,,1bbeeeb5ab9f0493,84.7,True
60,Carvedilol,CARVEDILOL_ADRB1_PROXY,2Y03,5FW,ADRB1,gpcr,2,proxy,ONCO_CV,COC1=CC=CC=C1OCCNCC(O)COC2=CC=CC3=C2C4=CC=CC=C4N3,ok,-9.832,True,Pass,,,7e25d02de009fc2b,80.6,True
61,Glipizide,GLIPIZIDE_KATP_PROXY,3SYQ,GBL,KATP,ion_channel,2,proxy,METABOLIC,CC1=NC(=C(C(=N1)C)C(=O)NCCC2=CC=C(C=C2)C(=O)O)C,ok,-7.06,True,Pass,same_pdb_surrogate,True,78098c804885dc0d,57.8,True
62,Repaglinide,REPAGLINIDE_KATP,3SYQ,REP,KATP,ion_channel,1,direct,METABOLIC,CCOC1=CC(=CC(=C1OCC)CC(=O)N)C2=CC=CC=C2N2CCC(CC2)C(=O)O,ok,-7.158,True,Pass,cross_pdb_proxy,True,e21bd68b6c04e727,87.6,True
63,Canagliflozin,CANAGLIFLOZIN_SGLT2,7VSL,5ZI,SGLT2,membrane_transporter,1,direct,METABOLIC,CC1=CC=C(C=C1)C2=CC(=C(C=C2)Cl)C3=CC(=C(C=C3)F)C(=O)N[C@H]4[C@@H]([C@H]([C@@H]([C@H](O4)CO)O)O)O,ok,-10.84,True,Pass,,,d22e8ac2cc61a323,59.3,True
64,Dapagliflozin,DAPAGLIFLOZIN_SGLT2,7VSI,DAP,SGLT2,membrane_transporter,1,direct,METABOLIC,CCOC1=CC=C(C=C1)CC2=C(C=CC(=C2)Cl)C3=CC(=C(C=C3)F)C(=O)N[C@H]4[C@@H]([C@H]([C@@H]([C@H](O4)CO)O)O)O,ok,-10.85,True,Pass,cross_pdb_proxy,True,e9629795a827264a,192.7,True
65,Ezetimibe,EZETIMIBE_NPC1L1,3QNT,EZE,NPC1L1,membrane_transporter,1,direct,METABOLIC,CC1=CC=C(C=C1)C2=CC(=NN2C3=CC=C(C=C3)F)C(F)(F)F,fail,,,Pipeline-fail,no_route,False,3798e7eef2f99491,15.2,True
66,Pravastatin,PRAVASTATIN_HMGCR_PROXY,1HW9,SIM,HMGCR,oxidoreductase,2,proxy,METABOLIC,CC(C)C(=O)OC1CC(C)C2CC(=O)C3(C)C(O)CC(C)(C)C3C2C1C(=O)O,ok,-6.836,True,Pass,direct_ok,False,177370c52bb87918,95.1,True
67,Lovastatin,LOVASTATIN_HMGCR,1HW8,MVA,HMGCR,oxidoreductase,1,direct,METABOLIC,CCC(C)(C)C(=O)OC1CC(C)C2CC(=O)C3(C)C(O)CC(C)(C)C3C2C1,ok,-6.536,True,Pass,,,2c1e31f7d47c77bb,105.4,True
68,Valsartan,VALSARTAN_AT1R_PROXY,4ZUD,OLM,AT1R,gpcr,2,proxy,METABOLIC,CC(C)C(=O)OCC1=CC=C(C=C1)C2=CC=CC=C2C3=NNN=N3,ok,-8.675,True,Pass,direct_ok,False,4454d4d74b646635,47.5,True
69,Spironolactone,SPIRONOLACTONE_NR3C2,2AA2,SPI,NR3C2,nuclear_receptor,1,direct,METABOLIC,CCSC1=CC2=C(C=C1)C(=O)CC2,ok,-6.682,True,Pass,,,b1e58ad085239aa1,32.0,True
70,Propranolol,PROPRANOLOL_ADRB1_PROXY,2Y02,WHJ,ADRB1,gpcr,2,proxy,METABOLIC,CC(C)NCC(C1=CC=CC=C1)O,ok,-6.748,True,Pass,direct_ok,False,b5bae316bdf238a5,35.2,True
71,Indomethacin,INDOMETHACIN_COX2_PROXY,5IKR,ID8,COX2,cyclooxygenase,2,proxy,INFLAM,CC1=C(C2=C(N1C(=O)C3=CC=CC=C3)C=CC(=C2)OC)C(=O)O,ok,-8.11,True,Pass,direct_ok,False,343447d0e170107a,90.7,True
72,Ketorolac,KETOROLAC_COX2,1Q4G,KRL,COX2,cyclooxygenase,1,direct,INFLAM,C1CCN(CC1)C(=O)C2=CC=CC=C2C3=CC=CC=C3C(=O)O,ok,-6.104,True,Pass,,,3e0f7afb6013ef6d,121.8,True
73,Piroxicam,PIROXICAM_COX2_PROXY,5IKT,TLF,COX2,cyclooxygenase,2,proxy,INFLAM,CN1C(=C(C2=CC=CC=C2S1(=O)=O)C(=O)N)C3=CC=CC=N3,ok,-6.47,False,QC-flagged,direct_ok,False,408626b740c2b2ed,154.0,True
74,Azithromycin,AZITHROMYCIN_RIBOSOME,1YII,AZI,RIBOSOME_50S,ribosome,1,direct,INFLAM,CC1C(C(C=C(O1)C)OC2C(C(CC(O2)C)N(C)C)O)C(=O)C=CC(C)(C)OC3C(C(C(C(O3)C)O)N(C)C)O,fail,,,Pipeline-fail,,,955ee7b5788a42de,19.3,True
75,Amoxicillin,AMOXICILLIN_PBP_PROXY,1PWP,PG2,PBP,hydrolase,2,proxy,INFLAM,CC1(C(N2C(S1)C(C2=O)NC(=O)C(C3=CC=C(C=C3)O)N)C(=O)O)O,ok,-6.898,True,Pass,same_pdb_surrogate,True,c66f9df2ceeb8baf,94.2,True
76,Doxycycline,DOXYCYCLINE_RIBOSOME,1HNW,DOX,RIBOSOME_30S,ribosome,1,direct,INFLAM,CC1(C2CC3C(C(=O)C(=C(C3(C(=O)C2=C(C(=O)C1=O)O)O)O)C(=O)N)O,fail,,,Pipeline-fail,same_pdb_surrogate,True,7dbf82e1dc3dc931,0.7,
77,Levofloxacin,LEVOFLOXACIN_GYRASE,2XCT,CPF,DNA_GYRASE,hydrolase,2,proxy,INFLAM,C1CC1N2C=C(C(=O)C3=CC(=C(C=C32)F)N4CCNCC4)C(=O)O,ok,-7.624,True,Pass,direct_ok,False,3bad04d9f957542c,389.0,True
78,Trimethoprim,TRIMETHOPRIM_DHFR,2W9G,TMP,DHFR,oxidoreductase,1,direct,INFLAM,COC1=CC(=CC(=C1OC)OC)CC2=CN=C(N=C2N)N,ok,-7.537,True,Pass,,,2efa0824f12cd1b9,37.7,True
79,Sertraline,SERTRALINE_SERT_PROXY,5I6X,8PR,SERT,membrane_transporter,2,proxy,INFLAM,CN[C@@H]1CC[C@@H](C2=CC=CC=C12)C3=CC(=C(C=C3)Cl)Cl,ok,-9.227,True,Pass,direct_ok,False,2c05bb00c988648d,105.5,True
80,Paroxetine,PAROXETINE_SERT,5I6X,8PR,SERT,membrane_transporter,1,direct,INFLAM,C1CNCC(C1C2=CC=C(C=C2)F)COC3=CC=CC4=CC=CC=C43,ok,-9.363,True,Pass,,,172c8b9d2b763380,116.6,True
81,Osimertinib,OSIMERTINIB_EGFR,5XGN,OSS,EGFR,kinase,1,direct,ONCO_CV,COC1=C(C=C2C(=C1)N=CN=C2NC3=CC(=C(C=C3)F)Cl)NC(=O)C=C,ok,-8.293,True,Pass,,,b2733f1d8ba893e3,60.3,True
82,Afatinib,AFATINIB_EGFR,4G5J,AFT,EGFR,kinase,1,direct,ONCO_CV,CN(C)C/C=C/C(=O)NC1=C(C=C2C(=C1)C(=NC=N2)NC3=CC(=C(C=C3)F)Cl)OCCCN4CCOCC4,ok,-7.621,True,Pass,,,d9955b9251aa1395,82.6,True
83,Sorafenib,SORAFENIB_BRAF,3OG7,SOR,BRAF,kinase,1,direct,ONCO_CV,CNC(=O)C1=NC=CC(=C1)OC2=CC=C(C=C2)NC(=O)NC3=CC(=C(C=C3)Cl)C(F)(F)F,ok,-9.811,True,Pass,,,88b880b8cefb9c24,52.3,True
84,Cabozantinib,CABOZANTINIB_MET,4O1B,X87,MET,kinase,1,direct,ONCO_CV,COC1=CC2=C(C=C1OC)C(=C(C=N2)C(=O)N)C3=CC=C(C=C3)F,ok,-7.709,True,Pass,,,e0cf69e715eb5c96,98.4,True
85,Ibrutinib,IBRUTINIB_BTK,4O5B,PPI,BTK,kinase,1,direct,ONCO_CV,C1=CC(=CC=C1C2=NC(=CN2)C3=CC(=C(C=C3)OC)OC)C(=O)NC4=CC=CC=C4,fail,,,Pipeline-fail,same_pdb_surrogate,True,131a125e328218e2,18.7,True
86,Olaparib,OLAPARIB_PARP,5DS5,OL0,PARP1,oxidoreductase,1,direct,ONCO_CV,CC1=CC(=CC(=C1)C2=CC(=NN2)C3=CC(=C(C=C3)F)F)C(=O)N,fail,,,Pipeline-fail,no_route,False,cb7e211ba798724c,50.8,True
87,Ruxolitinib,RUXOLITINIB_JAK2,4IVC,RUX,JAK2,kinase,1,direct,ONCO_CV,C1CCC(CC1)N2C3=NC=NC(=C3C(=N2)C4=CC=CC=C4)N,ok,-9.115,True,Pass,same_pdb_surrogate,True,63c3f271ac60016f,35.3,True
88,Enzalutamide,ENZALUTAMIDE_AR,3R5W,ENZ,AR,nuclear_receptor,1,direct,ONCO_CV,C1CC(=O)NC(=O)C1N2C(=O)C3=CC=CC=C3C2=O,ok,-8.236,True,Pass,same_pdb_surrogate,True,3fbcd648db7b0a31,86.3,True
89,Tamoxifen,TAMOXIFEN_ESR1,3ERT,4HT,ESR1,nuclear_receptor,2,proxy,ONCO_CV,CC/C(=C(\C1=CC=CC=C1)/C2=CC=C(C=C2)OCCN(C)C)/C3=CC=CC=C3,ok,-9.616,True,Pass,same_pdb_surrogate,True,45ad02e26e4be3a2,53.3,True
90,Ticagrelor,TICAGRELOR_P2Y12,4PY0,TIC,P2Y12,gpcr,1,direct,ONCO_CV,CC1=CC(=C(C(=C1)C2=CC(=C(C=C2)C3=CC=CC=C3)C(=O)N)O)C4=CC=CC=C4,ok,-7.792,False,QC-flagged,same_pdb_surrogate,True,c0849714f6894c14,60.3,True
91,Glimepiride,GLIMEPIRIDE_KATP_PROXY,3SYQ,GBL,KATP,ion_channel,2,proxy,METABOLIC,CCC1(C(=O)N(C2=C1C=C(C=C2)C(F)(F)F)C(=O)NCCC3=CC=C(C=C3)S(=O)(=O)NC(=O)NC4CCCCC4)C,ok,-9.354,True,Pass,same_pdb_surrogate,True,e96b7d1bc0882956,114.2,True
92,Miglitol,MIGLITOL_GLUCOSIDASE,2QV4,MIG,ALPHA_GLUCOSIDASE,hydrolase,1,direct,METABOLIC,C[C@H]([C@@H]([C@H]([C@@H](CO)O)O)O)N,ok,-5.541,False,QC-flagged,cross_pdb_proxy,True,702b3235097e3079,48.0,True
93,Acarbose,ACARBOSE_GLUCOSIDASE,2QV4,ACA,ALPHA_GLUCOSIDASE,hydrolase,1,direct,METABOLIC,CC1C2C(C(C(C(O2)OC3C4(C(C(C(C4(C(C3O)O)O)O)OC5C(C(C(C(O5)CO)O)O)O)OC6C(C(C(C(O6)CO)O)O)O)O)O)O)NC1=O,ok,-8.153,True,Pass,same_pdb_surrogate,True,e4c383a1e07c66e8,288.4,True
94,Gemfibrozil,GEMFIBROZIL_PPARALPHA_PROXY,1K74,544,PPARA,nuclear_receptor,2,proxy,METABOLIC,CC1=CC(=CC(=C1)C(C)C(=O)O)C(C)C,ok,-7.6,False,QC-flagged,direct_ok,False,1e567a88817d7d6b,47.8,True
95,Allopurinol,ALLOPURINOL_XDH,3NTZ,ALP,XDH,oxidoreductase,1,direct,METABOLIC,C1=NC2=C(C(=O)N1)C(=O)NC=N2,ok,-5.701,False,QC-flagged,same_pdb_surrogate,True,08adb08616c6b3c3,27.1,True
96,Febuxostat,FEBUXOSTAT_XDH,3EY8,FEB,XDH,oxidoreductase,1,direct,METABOLIC,CC(C)C1=NC(=CS1)C2=C(C=C(C=C2)C(F)(F)F)C(=O)O,ok,-5.392,False,QC-flagged,same_pdb_surrogate,True,7d3c0644045727df,32.0,True
97,Bisoprolol,BISOPROLOL_ADRB1_PROXY,2Y02,WHJ,ADRB1,gpcr,2,proxy,METABOLIC,CC(C)NCC(COC1=CC=C(C=C1)COCCOC(C)C)O,ok,-7.312,True,Pass,direct_ok,False,3ffb865f1044824a,59.6,True
98,Nifedipine,NIFEDIPINE_CACNA1C,8WE8,6UB,CACNA1C,ion_channel,2,proxy,METABOLIC,COC1=CC(=CC(=C1)C2=CC(=C(C(=C2)C(=O)OC)C(=O)OC)C)C,ok,-7.719,True,Pass,direct_ok,False,d4c5b5c59fe17d3e,193.0,True
99,Verapamil,VERAPAMIL_CACNA1C_PROXY,8WE8,6UB,CACNA1C,ion_channel,2,proxy,METABOLIC,CC(C)N(CCC(C#N)(C1=CC=CC=C1)C2=CC(=C(C=C2)OC)OC)C(C)C,ok,-7.967,True,Pass,direct_ok,False,80fb56ee4e650648,198.7,True
100,Pantoprazole,PANTOPRAZOLE_CYP2C19_PROXY,4GQS,0XV,CYP2C19,cytochrome_p450,2,proxy,METABOLIC,CC1=C(C(=NC=C1S(=O)C2=NC3=CC=CC=C3N2)C)OC(F)F,ok,-8.095,True,Pass,direct_ok,False,4a9ec2bae5439cfb,193.6,True
101,Colchicine,COLCHICINE_TUBULIN,1BT6,COL,TUBULIN,cytoskeletal,1,direct,INFLAM,COC1=CC2=C(C=C1OC)C3=CC(=C(C=C3C(C2)NC(=O)C4=CC=CC=C4)OC)OC,fail,,,Pipeline-fail,no_route,False,79fb6729abb9421e,15.0,True
102,Sulindac,SULINDAC_COX2_PROXY,5IKR,ID8,COX2,cyclooxygenase,2,proxy,INFLAM,CC1=C(C2=CC=CC=C2S(=O)(=O)C1)CC(=O)O,ok,-6.246,False,QC-flagged,direct_ok,False,11547a90c4a50a13,87.5,True
103,Gabapentin,GABAPENTIN_CACNA2D_PROXY,5E6I,GBP,CACNA2D,ion_channel,2,proxy,INFLAM,C1CCC(CC1)C(CC(=O)O)N,fail,,,Pipeline-fail,no_route,False,a6eef95399f928b5,446.0,True
104,Carbamazepine,CARBAMAZEPINE_NAV_PROXY,5E6I,GBP,SCN,ion_channel,2,proxy,INFLAM,NC(=O)N1C2=CC=CC=C2C=CC3=CC=CC=C31,fail,,,Pipeline-fail,no_route,False,4d252ef951059a9a,437.8,True
105,Valproic acid,VALPROIC_ACID_HDAC_PROXY,4LXZ,SHH,HDAC,histone_deacetylase,2,proxy,INFLAM,CCCC(CCC)C(=O)O,ok,-4.888,False,QC-flagged,direct_ok,False,3a62507682e6bf11,103.6,True
106,Metronidazole,METRONIDAZOLE_NITROREDUCTASE,1MNU,MET,NITROREDUCTASE,oxidoreductase,1,direct,INFLAM,CC1=C(C(=O)N1)CCN2CCOCC2,fail,,,Pipeline-fail,no_route,False,72eb1acbbf72bc3c,31.1,True
107,Clindamycin,CLINDAMYCIN_RIBOSOME,1YHQ,CLI,RIBOSOME_50S,ribosome,1,direct,INFLAM,CN1C2CCC1CC(C2OC3C(C(C(C(O3)CO)O)N(C)C)O)C(=O)O,ok,-4.243,False,QC-flagged,same_pdb_surrogate,True,9f5ebd6af574a905,268.5,True
108,Vancomycin,VANCOMYCIN_PBP,1FVM,VAN,PBP,hydrolase,1,direct,INFLAM,C[C@H]1[C@H]([C@@]([C@H](O[C@H]1O[C@@H]2[C@H]([C@@H]([C@H](O[C@H]2O)CO)O)O)CO)O[C@H]3[C@H]([C@H]([C@@H]([C@H](O3)CO)O)O)O)NC(=O)[C@H]([C@@H]4C5=CC(=C(C=C5C6=C4C=CC(=C6)O)O)O)N,ok,-2.733,False,QC-flagged,same_pdb_surrogate,True,562f960e8d721e60,253.1,True
109,Clarithromycin,CLARITHROMYCIN_RIBOSOME,1YIJ,CLR,RIBOSOME_50S,ribosome,1,direct,INFLAM,CC[C@H]1OC(=O)[C@H](C)[C@@H](O[C@H]2C[C@@]([C@H]([C@@H](O[C@H]3O[C@H](C)C[C@@H]([C@H]3O)N(C)C)C)O)(C)OC)[C@H](C)O[C@@H]2O)[C@H](C)[C@@H](O)[C@@H]1C,fail,,,Pipeline-fail,same_pdb_surrogate,True,61f47136fa5514b1,0.5,
110,Rifampin,RIFAMPIN_RNAP,5UAC,RFP,RNAP,transferase,1,direct,INFLAM,CO[C@H]1/C=C/O[C@@]2(C)OC3=C(C2=O)C2=C(O)C(=O)C(=C(O)C2=C3C)C(=O)C(=C1O)C(=O)N[C@H](C)[C@H]1O[C@H](C)[C@H](O)[C@@H](C)O1,ok,-6.41,True,Pass,direct_ok,False,2afb81f90cb867c7,915.2,True
111,Regorafenib,REGORAFENIB_BRAF,4RT7,RGF,BRAF,kinase,1,direct,ONCO_CV,CNC(=O)C1=CC(=CC(=C1)NC(=O)NC2=CC=C(C=C2)F)OC3=CC=CC(=C3)NC(=O)C4CC4,ok,-10.96,True,Pass,same_pdb_surrogate,True,77bdd5d1c6c34c9b,65.5,True
112,Lenvatinib,LENVATINIB_VEGFR2,4UQI,LVN,VEGFR2,kinase,1,direct,ONCO_CV,COC1=C(C=C2C(=C1)C(=NC=N2)NC3=CC(=C(C=C3)Cl)C(=O)NC4CCN(CC4)C(=O)C=C)Cl,ok,-6.884,True,Pass,same_pdb_surrogate,True,3c9fd5dea6a09758,199.8,True
113,Axitinib,AXITINIB_VEGFR2,4AGC,AXN,VEGFR2,kinase,1,direct,ONCO_CV,CNC(=O)C1=C(C(=CC(=C1)C)C)NC(=O)C2=CC(=C(C=C2)C(F)(F)F)N3CCN(CC3)C,ok,-8.413,True,Pass,same_pdb_surrogate,True,260e4358ee89dc53,55.4,True
114,Everolimus,EVEROLIMUS_MTOR,4JT6,EVL,MTOR,kinase,1,direct,ONCO_CV,C[C@@H]1CC[C@H]([C@H]([C@H]1OC)OC)C(=O)C(=O)N2CCCC[C@H]2C(=O)O[C@H]([C@@H]([C@H](CC(=O)[C@@H](C[C@H](C)C(=O)[C@H](C[C@H](C)C(=O)O)OC)O)O)C)/C(=C/[C@@H]3CC[C@H]([C@H]([C@H]3C)OC)O)/C,ok,-7.174,True,Pass,same_pdb_surrogate,True,ceb624ee3abaef94,769.8,True
115,Crizotinib,CRIZOTINIB_ALK,2XP2,CRI,ALK,kinase,1,direct,ONCO_CV,CC1=CC(=CC(=C1)C2=CC(=NN2)C3=CC(=C(C=C3)C(F)(F)F)N4CCN(CC4)C)C,ok,-8.854,True,Pass,same_pdb_surrogate,True,5ff1e7d227d4b420,41.0,True
116,Alectinib,ALECTINIB_ALK,4YNP,AIT,ALK,kinase,1,direct,ONCO_CV,CC1=CC(=CC(=C1)C2=CC(=C(C=C2)C3=CC=CC=N3)N4CCN(CC4)C)C(=O)C,ok,-8.514,True,Pass,same_pdb_surrogate,True,daefe717a30c2de4,51.9,True
117,Ceritinib,CERITINIB_ALK,4MKC,LDK,ALK,kinase,1,direct,ONCO_CV,CC(C)OC1=C(NC2=NC=C(C(=N2)C3=CC=CC4=C3C=CC(=C4)C(F)(F)F)N5CCN(CC5)C)C=C(C=C1)C(=O)NC6CC6,ok,-8.581,True,Pass,same_pdb_surrogate,True,3152e55e09e8451a,89.1,True
118,Clopidogrel,CLOPIDOGREL_P2Y12_PROXY,4PY0,TIC,P2Y12,gpcr,2,proxy,ONCO_CV,C1CCOCC1CN2C3=CC=CC=C3C(=C2C(=O)OC)C4=CC=CC=C4,ok,-6.102,False,QC-flagged,same_pdb_surrogate,True,8de55865e8867022,52.1,True
119,Amiodarone,AMIODARONE_KCNH2_PROXY,5VA2,AMI,KCNH2,ion_channel,2,proxy,ONCO_CV,CC(=O)C1=C(C(=C(C=C1)I)OC2=CC=CC=C2)C3=CC=CC=C3,fail,,,Pipeline-fail,no_route,False,aa4e16c3b638e4d5,39.0,True
120,Digoxin,DIGOXIN_PGP,3G60,DIG,ABCB1,membrane_transporter,1,direct,ONCO_CV,CC1C(C(CC(O1)O[C@H]2C[C@@H]([C@H]([C@H](C2)O)O)O[C@H]3C[C@@H]([C@H]([C@H](C3)O)O)O)O)O,ok,-7.635,True,Pass,same_pdb_surrogate,True,6c2d9b61882105e0,175.3,True
121,Esomeprazole,ESOMEPRAZOLE_CYP2C19_PROXY,4GQS,0XV,CYP2C19,cytochrome_p450,2,proxy,METABOLIC,COC1=CC2=C(NC(=N2)S(=O)C3=NC=CC=C3)C=C1,ok,-7.841,True,Pass,direct_ok,False,09e3d437a9fdad49,189.8,True
122,Nateglinide,NATEGLINIDE_KATP_PROXY,3SYQ,REP,KATP,ion_channel,2,proxy,METABOLIC,CC(C)C1=CC=C(C=C1)CC(=O)NC2=CC=CC=C2C(=O)O,ok,-6.86,True,Pass,cross_pdb_proxy,True,f9f9cab8d78202cf,56.5,True
123,Voglibose,VOGLIBOSE_GLUCOSIDASE_PROXY,2QV4,ACA,ALPHA_GLUCOSIDASE,hydrolase,2,proxy,METABOLIC,C[C@H]([C@@H]([C@H]([C@@H](CO)O)O)O)NC1=CC=CC=C1,ok,-7.115,True,Pass,same_pdb_surrogate,True,edb6b8f1c6e3a33b,52.9,True
124,Eplerenone,EPLERENONE_NR3C2,2AA2,EPL,NR3C2,nuclear_receptor,1,direct,METABOLIC,CCC(=O)O[C@@H]1C[C@H]2[C@@H]3CCC4=CC(=O)CC[C@]4([C@]3(CC[C@@]2([C@]1(C)C(=O)C)O)C)C,ok,-6.523,True,Pass,cross_pdb_proxy,True,ad90d3f0c613e7d7,43.6,True
125,Telmisartan,TELMISARTAN_AT1R,4YAY,TEL,AT1R,gpcr,1,direct,METABOLIC,CCC1=NC2=C(C=C(C=C2N1CC3=CC=C(C=C3)C4=CC=CC=C4C5=NNN=N5)C)C(=O)O,ok,-10.18,True,Pass,same_pdb_surrogate,True,a79c4a36ee92aebd,63.7,True
126,Lisinopril,LISINOPRIL_ACE,1O86,LIS,ACE,metalloprotease,1,direct,METABOLIC,C1CC2C(C1C(=O)N2C(CC3=CC=CC=C3)C(=O)O)N[C@@H](CCC4=CC=CC=C4)C(=O)O,ok,-8.568,False,QC-flagged,same_pdb_surrogate,True,6e6a3aab0947ab09,90.4,True
127,Diltiazem,DILTIAZEM_CACNA1C_PROXY,8WE8,6UB,CACNA1C,ion_channel,2,proxy,METABOLIC,CC1=CC=C(C=C1)N2CCN(CC2)C(=O)C3=C(SC4=C3C=CC(=C4)OC)C(=O)OC,ok,-8.89,True,Pass,direct_ok,False,a486e7cf18629198,191.8,True
128,Furosemide,FUROSEMIDE_SLC12A_PROXY,3HS4,AZM,SLC12A1,membrane_transporter,2,proxy,METABOLIC,CC1=CC(=C(C=C1N)C(=O)NCC2=CC=CC=C2S(=O)(=O)N)Cl,ok,-6.843,True,Pass,direct_ok,False,f84307ef8d0fb256,43.7,True
129,Orlistat,ORLISTAT_LIPASE,1LPB,ORL,PNLIP,hydrolase,1,direct,METABOLIC,CCCCCCCCCC[C@H]([C@H](CC(=O)N[C@H](CC(C)C)C(=O)N[C@H](CC(C)C)C(=O)N[C@@H](CCCCN)C(=O)O)O)O,ok,-6.687,True,Pass,same_pdb_surrogate,True,5d4310d7357604a6,281.8,True
130,Levothyroxine,LEVOTHYROXINE_THRB_PROXY,1NAV,T3,THRB,nuclear_receptor,2,proxy,METABOLIC,C1=C(C=C(C(=C1I)OC2=CC(=C(C(=C2)I)O)I)I)CC(C(=O)O)N,ok,-7.131,True,Pass,same_pdb_surrogate,True,5c6329ecb370f2e1,54.6,True
131,Morphine,MORPHINE_OPRM1,8DZP,MOR,OPRM1,gpcr,1,direct,INFLAM,CN1CC[C@]23[C@@H]4[C@H]1CC5=C2C(=C(C=C5)O)O[C@H]3[C@@H](C=C4)O,ok,-7.632,False,QC-flagged,same_pdb_surrogate,True,c395e5af446f6879,98.2,True
132,Fentanyl,FENTANYL_OPRM1_PROXY,8DZP,MOR,OPRM1,gpcr,2,proxy,INFLAM,CCC(=O)N(C1=CC=CC=C1)C2(CCN(CC2)CC3=CC=CC=C3)CC(=O)OC,ok,-7.864,True,Pass,same_pdb_surrogate,True,a10f03e66572cb4b,122.3,True
133,Pregabalin,PREGABALIN_CACNA2D_PROXY,5E6I,GBP,CACNA2D,ion_channel,2,proxy,INFLAM,CC(C)C(CC(=O)O)CN,fail,,,Pipeline-fail,no_route,False,cc8c60ebaa9b95b6,474.0,True
134,Lamotrigine,LAMOTRIGINE_SCN_PROXY,5E6I,GBP,SCN,ion_channel,2,proxy,INFLAM,C1=CC(=C(C(=C1)Cl)Cl)C2=NN=C(N2)N,fail,,,Pipeline-fail,no_route,False,f5a8998b464dea01,462.8,True
135,Phenytoin,PHENYTOIN_SCN_PROXY,5T6R,PHT,SCN,ion_channel,2,proxy,INFLAM,C1=CC=C(C=C1)C2(C(=O)NC(=O)N2)C3=CC=CC=C3,fail,,,Pipeline-fail,no_route,False,9053280d8de1dd73,13.4,
136,Clonazepam,CLONAZEPAM_GABA_A,1KTF,CLZ,GABA_A,ion_channel,1,direct,INFLAM,C1=CC2=C(C=C1Cl)N3C(=NN=C3C2=O)N,fail,,,Pipeline-fail,no_route,False,7b81b52b568fb5dc,13.7,
137,Escitalopram,ESCITALOPRAM_SERT,4IAR,CIT,SERT,membrane_transporter,1,direct,INFLAM,CN(C)CCC[C@]1(OCC2=C1C=CC(=C2)C(F)(F)F)C3=CC=CC=C3,ok,-8.633,True,Pass,same_pdb_surrogate,True,5bf94f51ea38472b,52.7,True
138,Linezolid,LINEZOLID_RIBOSOME,3CPW,LZD,RIBOSOME_50S,ribosome,1,direct,INFLAM,CC1=NC(=C(C(=O)N1)O[C@H](C)C2=CC=CC=C2)C(=O)O,ok,-4.91,False,QC-flagged,same_pdb_surrogate,True,84a1c2be4800539f,322.3,True
139,Isoniazid,ISONIAZID_INHA,4C0X,INA,INHA,oxidoreductase,1,direct,INFLAM,NNC(=O)C1=CC=NC=C1,ok,-5.99,False,QC-flagged,same_pdb_surrogate,True,00366c4964443c3a,21.2,True
140,Ethambutol,ETHAMBUTOL_EMBA,4NBA,EMB,EMBA,transferase,1,direct,INFLAM,CC(C(CC1=CC=CC=C1)NC)O,ok,-7.256,True,Pass,same_pdb_surrogate,True,6b5bda2908ef66d7,90.0,True
141,Acalabrutinib,ACALABRUTINIB_BTK,4O5B,ACB,BTK,kinase,1,direct,ONCO_CV,C1=CC(=CC=C1C2=NC(=CN2)C3=CC(=C(C=C3)OC)OC)C(=O)NC4=CC=CC=C4,fail,,,Pipeline-fail,cross_pdb_proxy,True,db9851dbc46dfa74,18.2,True
142,Midostaurin,MIDOSTAURIN_FLT3,4RK8,STA,FLT3,kinase,2,proxy,ONCO_CV,CC1=CC(=C(C=C1)C2=CC(=C(C=C2)C(=O)OC)C(=O)OC)N(C)C3=NC=CC(=N3)C4=CN=CC=C4,ok,-7.138,True,Pass,cross_pdb_proxy,True,5c426bfe129b23dc,85.9,True
143,Larotrectinib,LAROTRECTINIB_TRK,5VLQ,LAR,NTRK1,kinase,1,direct,ONCO_CV,CC1=CC(=CC(=C1)C2=CC(=NN2)C3=CC(=C(C=C3)Cl)C(F)(F)F)C(=O)N[C@@H]4CCN(CC4)C,ok,-6.725,True,Pass,same_pdb_surrogate,True,1d762ef85781fdfe,122.7,True
144,Lenalidomide,LENALIDOMIDE_CRBN,5FQD,LEN,CRBN,ligase,1,direct,ONCO_CV,C1CC(=O)NC(=O)C1N2C(=O)C3=CC=CC=C3C2=O,ok,-7.135,False,QC-flagged,same_pdb_surrogate,True,a4d450c1d4756a85,438.2,True
145,Abiraterone,ABIRATERONE_CYP17,3SW0,ABI,CYP17A1,cytochrome_p450,1,direct,ONCO_CV,CC(C)(C)C#Cc1ccc(cc1)Nc2ncnc3ccccc23,fail,,,Pipeline-fail,no_route,False,ae443b52bf6ac6b2,22.5,True
146,Abemaciclib,ABEMACICLIB_CDK6,5UOC,ABE,CDK6,kinase,1,direct,ONCO_CV,CCN1CCN(c2cc3c(N4CCN(C)CC4)ncnc3cc2NC(=O)c4cc(cn4C)F)CC1,ok,-9.292,True,Pass,same_pdb_surrogate,True,58734be96cd8e15b,215.2,True
147,Ribociclib,RIBOCICLIB_CDK6,5L2T,RIC,CDK6,kinase,1,direct,ONCO_CV,CC1=CN(C(=O)N=C1N)C2=CC=NC(=C2)NC3=CC(=C(C=C3)F)N4CCN(CC4)C,ok,-9.313,True,Pass,same_pdb_surrogate,True,4efc8c856de1cefc,46.3,True
148,Prasugrel,PRASUGREL_P2Y12_PROXY,4PY0,TIC,P2Y12,gpcr,2,proxy,ONCO_CV,CC1=CC(=CC(=C1)C2=CC=CC=C2S(=O)(=O)C)C(=O)OC3CCN(CC3)C,ok,-8.7,False,QC-flagged,same_pdb_surrogate,True,fc0e3d03b01faf01,63.7,True
149,Vandetanib,VANDETANIB_RET,2IVT,VAN,RET,kinase,1,direct,ONCO_CV,COC1=CC2=C(C=C1OC)C(=NC=N2)NC3=CC(=C(C=C3)Br)OC,ok,-7.308,True,Pass,same_pdb_surrogate,True,63a628c84abdfeac,40.5,True
150,Nintedanib,NINTEDANIB_FGFR,4PV0,NIN,FGFR1,kinase,1,direct,ONCO_CV,COC1=CC(=CC(=C1)NC(=O)C2=CC=C(C=C2)CN(C)C)N3CCN(CC3)C,ok,-7.104,True,Pass,same_pdb_surrogate,True,5e571c2903463711,38.1,True
151,Enalapril,ENALAPRIL_ACE_PROXY,1O86,LIS,ACE,metalloprotease,2,proxy,METABOLIC,CCOC(=O)[C@H](CCC1=CC=CC=C1)N[C@@H](C)C(=O)N2CCC[C@H]2C(=O)O,ok,-8.111,True,Pass,same_pdb_surrogate,True,e34f30284054cf2e,83.3,True
152,Ramipril,RAMIPRIL_ACE_PROXY,1O86,LIS,ACE,metalloprotease,2,proxy,METABOLIC,C1CCC(CC1)C2=CC(=C(C=C2)CC(=O)O)C(=O)N[C@@H](CCC3=CC=CC=C3)C(=O)OCC,ok,-8.618,True,Pass,same_pdb_surrogate,True,3a50159851a6853c,95.4,True
153,Candesartan,CANDESARTAN_AT1R,4ZUD,OLM,AT1R,gpcr,2,proxy,METABOLIC,C1=CC(=CC=C1C2=CC=CC=C2C3=NNN=N3)C4=CC5=C(C=C4)C=C(C=N5)C(=O)O,ok,-11.4,True,Pass,direct_ok,False,bf402e9cf14097be,54.6,True
154,Irbesartan,IRBESARTAN_AT1R_PROXY,4ZUD,OLM,AT1R,gpcr,2,proxy,METABOLIC,C1=CC=C(C=C1)C2=NC(=C(N2)C3=CC=CC=C3)C4=CC=CC(=C4)C5=NNN=N5,ok,-10.38,True,Pass,direct_ok,False,00e7e57350867b38,49.0,True
155,Olmesartan,OLMESARTAN_AT1R,4ZUD,OLM,AT1R,gpcr,1,direct,METABOLIC,CCC1=NC(=C(C(=N1)C)C(=O)O)C2=CC=C(C=C2)C3=CC=CC=C3C4=NNN=N4,ok,-10.3,True,Pass,direct_ok,False,11b6a1841b2c08f6,55.1,True
156,Rosiglitazone,ROSIGLITAZONE_PPARG,2PRG,BRL,PPARG,nuclear_receptor,1,direct,METABOLIC,CC1=NC(=C(C(=N1)C)COC2=CC=CC=C2)C3=CC=C(C=C3)S(=O)(=O)C,ok,-9.273,True,Pass,direct_ok,False,348e68d6d88d3994,45.1,True
157,Glyburide,GLYBURIDE_KATP,3SYQ,GBL,KATP,ion_channel,1,direct,METABOLIC,CCCCNC(=O)NS(=O)(=O)C1=CC=C(C=C1)C(=O)NCCC2=CC=CC=C2,ok,-7.504,True,Pass,same_pdb_surrogate,True,5063b6ff285c2a73,75.1,True
158,Atenolol,ATENOLOL_ADRB1_PROXY,2Y02,WHJ,ADRB1,gpcr,2,proxy,METABOLIC,CC(C)NCC(C1=CC=C(C=C1)CC(=O)N)O,ok,-7.309,True,Pass,direct_ok,False,9c6510353824b5ad,40.1,True
159,Felodipine,FELODIPINE_CACNA1C_PROXY,8WE8,6UB,CACNA1C,ion_channel,2,proxy,METABOLIC,CCOC(=O)C1=C(C)NC(=C(C1C2=CC=CC=C2Cl)C(=O)OC)C,ok,-6.721,True,Pass,direct_ok,False,67da2ff0fe290fe0,202.8,True
160,Sacubitril,SACUBITRIL_MEP,6V06,SGN,MEP,metalloprotease,1,direct,METABOLIC,CCC(=O)O[C@H](CC1=CC=CC=C1)NC(=O)[C@@H](N2CCC[C@H]2C(=O)O)C(C)C,fail,,,Pipeline-fail,no_route,False,0f0e77dc8dd711e2,18.9,True
161,Tramadol,TRAMADOL_OPRM1_PROXY,8DZP,MOR,OPRM1,gpcr,2,proxy,INFLAM,COC1=CC=CC(=C1)C2(O)CCN(C)CC2,ok,-6.721,True,Pass,same_pdb_surrogate,True,5c67b9b9d1ed63d4,98.6,True
162,Oxycodone,OXYCODONE_OPRM1_PROXY,8DZP,MOR,OPRM1,gpcr,2,proxy,INFLAM,COC1=C2C(=C(C=C1OC)O)C3CCN(CC3O)C2=O,ok,-6.996,True,Pass,same_pdb_surrogate,True,36c37b826460d078,99.5,True
163,Duloxetine,DULOXETINE_SERT_PROXY,5I6X,8PR,SERT,membrane_transporter,2,proxy,INFLAM,CNCC[C@H](C1=CC=CC=C1)OC2=CC=CC=C2,ok,-7.943,True,Pass,direct_ok,False,1c620005c106f483,115.4,True
164,Citalopram,CITALOPRAM_SERT,4IAR,CIT,SERT,membrane_transporter,1,direct,INFLAM,CN(C)CCC[C@]1(OCC2=C1C=CC(=C2)C(F)(F)F)C3=CC=CC=C3,ok,-8.614,True,Pass,same_pdb_surrogate,True,9cf2685a68455ed5,49.0,True
165,Venlafaxine,VENLAFAXINE_SERT_PROXY,5I6X,8PR,SERT,membrane_transporter,2,proxy,INFLAM,COC1=CC=C(C=C1)C(CN(C)C)C2=CC(=C(C=C2)OC)OC,ok,-8.073,True,Pass,direct_ok,False,f5603bb08b0e8f2f,119.0,True
166,Lorazepam,LORAZEPAM_GABA_A_PROXY,1KTF,CLZ,GABA_A,ion_channel,2,proxy,INFLAM,C1=CC(=CC=C1C2=NC(=O)C3=C(N2)C=CC(=C3)Cl)Cl,fail,,,Pipeline-fail,no_route,False,a95f8ed76fff9b4b,13.7,
167,Famotidine,FAMOTIDINE_HRH2,3RSG,FAM,HRH2,gpcr,1,direct,INFLAM,C1=CN=C(N1)CSC2=NC3=C(N2)N=CC=C3,ok,-7.309,True,Pass,same_pdb_surrogate,True,7d8d9e775c31490b,32.4,True
168,Ondansetron,ONDANSETRON_HTR3A,6DFZ,OND,HTR3A,ion_channel,1,direct,INFLAM,CN1C2=C(C(=O)N(C1=O)C)NC3=CC=CC=C32,ok,-7.319,True,Pass,same_pdb_surrogate,True,1c7824a467ecbba8,192.7,True
169,Sumatriptan,SUMATRIPTAN_HTR1B_PROXY,6G4Q,SUM,HTR1B,gpcr,2,proxy,INFLAM,CNS(=O)(=O)CC1=CC2=C(C=C1)NC=C2CCN(C)C,ok,-6.445,False,QC-flagged,same_pdb_surrogate,True,0f863791e85adfcf,71.8,True
170,Cyclosporine,CYCLOSPORINE_PP2B,1M63,CSA,PP2B,phosphatase,1,direct,INFLAM,CC[C@@H]1NC(=O)[C@H]([C@H](O[C@H]2C[C@@H]([C@H]([C@@H](C)O2)OC)C)C(C)C)N(C)C(=O)[C@H](C(C)C)N(C)C(=O)[C@H](CC(C)C)N(C)C(=O)[C@H](CC(C)C)N(C)C(=O)[C@H](C(C)C)N(C)C(=O)[C@H](C)NC(=O)[C@H](C)NC(=O)[C@H](C(C)C)N(C)C(=O)[C@H](CC(C)C)N(C)C(=O)CNC(=O)[C@H](CC(C)C)N(C)C(=O)[C@H](CC(C)C)N(C)C(=O)[C@H](C(C)C)N1C,fail,,,Pipeline-fail,same_pdb_surrogate,True,473edbe3badd87c1,740.9,True
171,Thalidomide,THALIDOMIDE_CRBN,4CI1,THA,CRBN,ligase,1,direct,ONCO_CV,C1CC(=O)NC(=O)C1N2C(=O)C3=CC=CC=C3C2=O,fail,,,Pipeline-fail,same_pdb_surrogate,True,2a8bf9d3a0702837,108.1,True
172,Pomalidomide,POMALIDOMIDE_CRBN,4TZ4,POM,CRBN,ligase,1,direct,ONCO_CV,C1CC(=O)NC(=O)C1N2C(=O)C3=CC(=CC=C3F)C2=O,fail,,,Pipeline-fail,same_pdb_surrogate,True,5135ed32678f89ee,9.4,True
173,Entrectinib,ENTRECTINIB_TRK,5T1A,ENT,NTRK1,kinase,1,direct,ONCO_CV,CN1CCN(CC1)C2=CC=C(C=C2)C(=O)NC3=NN(C4=CC=CC=C43)C5=CC(=C(C=C5)F)CC(F)(F)F,ok,-10.36,True,Pass,same_pdb_surrogate,True,c44734fab5b0dba1,68.7,True
174,Capmatinib,CAPMATINIB_MET,4R3Y,CAP,MET,kinase,1,direct,ONCO_CV,CC(C)(C)NC1=C(C=CC(=C1)Cl)C2=CN=C(N2)C3=CN=C(N3)C4=C5C=CC(=CC5=NC=C4)C,ok,-9.371,True,Pass,same_pdb_surrogate,True,0fb37d606d7c8233,305.4,True
175,Neratinib,NERATINIB_EGFR,3POZ,NER,EGFR,kinase,1,direct,ONCO_CV,COC1=CC(=CC(=C1OC)C2=CC(=C(C=C2)Cl)C(=O)NC3=CC=C(C=C3)OCCN4CCOCC4)C#N,ok,-9.104,True,Pass,same_pdb_surrogate,True,0cd7b0c309cea8cd,63.3,True
176,Lorlatinib,LORLATINIB_ALK,2XP2,LOR,ALK,kinase,1,direct,ONCO_CV,CC1=CC(=CC(=C1)C2=CC(=NN2)C3=CC(=C(C=C3)Cl)C(F)(F)F)C(=O)NC4=CC(=C(C=C4)C(F)(F)F)N5CCN(CC5)C,ok,-10.7,True,Pass,cross_pdb_proxy,True,cfc36c4e7181aef2,68.8,True
177,Brigatinib,BRIGATINIB_ALK,5USZ,BRI,ALK,kinase,1,direct,ONCO_CV,COC1=CC(=CC(=C1)NC2=NC=C(C(=N2)C3=CC=CC=C3)C4=CC=CC=N4)C(=O)NC5=CC(=C(C=C5)C(F)(F)F)N6CCN(CC6)C,ok,-10.06,True,Pass,same_pdb_surrogate,True,340967662320277e,103.1,True
178,Dabigatran,DABIGATRAN_THROMBIN,1KTS,DAB,F2,serine_protease,1,direct,ONCO_CV,CN1C=C(N(C1=O)C2=CC=CC=C2)C(=O)NCC3=CC=CC=C3C4=CC=CC=C4C(=O)O,ok,-9.196,True,Pass,same_pdb_surrogate,True,795de3d9c0228393,54.0,True
179,Edoxaban,EDOXABAN_FXA,2P16,EDO,FACTOR_XA,serine_protease,1,direct,ONCO_CV,CC1=CC(=C(C=C1)C(=O)N2CCC[C@H]2C(=O)NC3=CC=C(C=C3)C4=CC=CC=N4)F,ok,-8.984,True,Pass,cross_pdb_proxy,True,990f4eee0894351e,40.9,True
180,Selpercatinib,SELPERCATINIB_RET,2IVT,SEL,RET,kinase,1,direct,ONCO_CV,CC1=C(C(=CC=C1)Cl)C2=CC(=NN2)C3=C4C=C(C=CC4=NC=N3)N5CCN(CC5)C,ok,-10.19,True,Pass,cross_pdb_proxy,True,fd967a546b650ae5,45.2,True
181,Captopril,CAPTOPRIL_ACE,1UZF,CAP,ACE,metalloprotease,1,direct,METABOLIC,CSCCC(=O)N1CCC[C@H]1C(=O)O,ok,-5.693,False,QC-flagged,same_pdb_surrogate,True,28de05534d032483,54.7,True
182,Benazepril,BENAZEPRIL_ACE_PROXY,1O86,LIS,ACE,metalloprotease,2,proxy,METABOLIC,C1CCC(CC1)C2=CC(=C(C=C2)CC(=O)O)C(=O)N[C@@H](CCC3=CC=CC=C3)C(=O)O,ok,-8.252,True,Pass,same_pdb_surrogate,True,a1f45f768ddee730,86.1,True
183,Chlorthalidone,CHLORTHALIDONE_CA2_PROXY,3HS4,AZM,CA2,metalloenzyme,2,proxy,METABOLIC,NS(=O)(=O)C1=C(Cl)C=CC(=C1)C2=C(C(=O)NC2=O)C3=CC=C(C=C3)Cl,ok,-8.241,True,Pass,direct_ok,False,b7e2a6b990ce2866,44.0,True
184,Amiloride,AMILORIDE_ENAC_PROXY,3HS4,AZM,ENaC,ion_channel,2,proxy,METABOLIC,NC(=N)NC(=O)C1=NC(Cl)=C(N)N=C1N,ok,-6.478,True,Pass,direct_ok,False,1ee6967443e12c97,36.6,True
185,Ranolazine,RANOLAZINE_SCN5A,2FBI,RAN,SCN5A,ion_channel,1,direct,METABOLIC,COC1=CC(=CC(=C1OC)OC)CCNCC(O)C2=CC=CC=C2,fail,,,Pipeline-fail,no_route,False,c8eeda5127d85fde,20.4,True
186,Bromocriptine,BROMOCRIPTINE_DRD2,3PBL,BRM,DRD2,gpcr,1,direct,METABOLIC,CC(C)CC1C(=O)N2CCCC2C3(N1C(=O)C(O3)(C(C)C)NC(=O)C4CC5=CC=CC=C5N4)C,ok,-9.373,True,Pass,same_pdb_surrogate,True,4481ed9ca1feef81,104.6,True
187,Niacin,NIACIN_GPR109A,3R7A,NIA,GPR109A,gpcr,1,direct,METABOLIC,C1=CN=CC=C1C(=O)O,ok,-4.464,False,QC-flagged,same_pdb_surrogate,True,10a347c37af3f3af,31.6,True
188,Diazoxide,DIAZOXIDE_KATP_PROXY,3SYQ,GBL,KATP,ion_channel,2,proxy,METABOLIC,CC1=NS(=O)(=O)C2=C(N1)C=CC(=C2)Cl,ok,-5.848,False,QC-flagged,same_pdb_surrogate,True,0d5009c9e518df56,47.3,True
189,Semaglutide,SEMAGLUTIDE_GLP1R,6X18,SEM,GLP1R,gpcr,1,direct,METABOLIC,NCCCCC(N)C(=O)O,fail,,,Pipeline-fail,no_route,False,7f353d9faeee1a3e,110.0,True
190,Exenatide,EXENATIDE_GLP1R,5VAI,EXN,GLP1R,gpcr,1,direct,METABOLIC,NCCCCC(N)C(=O)O,fail,,,Pipeline-fail,no_route,False,8bc75a20b2002e76,103.2,True
191,Ketamine,KETAMINE_NMDA,3UO9,KET,GRIN1,ion_channel,1,direct,INFLAM,CNC1(CCCCC1=O)C2=CC=CC=C2Cl,ok,-6.239,True,Pass,same_pdb_surrogate,True,d7f12857c4df2881,61.7,True
192,Codeine,CODEINE_OPRM1_PROXY,8DZP,MOR,OPRM1,gpcr,2,proxy,INFLAM,COC1=C(C=C2C(=C1)CCN(C)CC2)OC,ok,-4.426,False,QC-flagged,same_pdb_surrogate,True,aab3e34ed70ca9ff,76.9,True
193,Bupropion,BUPROPION_DAT,4WNT,BUP,DAT,membrane_transporter,1,direct,INFLAM,CC(C(=O)C1=CC(=CC=C1)Cl)NC(C)(C)C,ok,-6.856,True,Pass,same_pdb_surrogate,True,165a8a5da84799fb,34.9,True
194,Mirtazapine,MIRTAZAPINE_HTR2A_PROXY,6A93,MIR,HTR2A,gpcr,2,proxy,INFLAM,CN1CCN2C(C1)C3=CC=CC=C3CC4=CC=CC=C42,ok,-10.01,True,Pass,same_pdb_surrogate,True,706d8f46291a9963,26.4,True
195,Trazodone,TRAZODONE_HTR2A_PROXY,6A93,MIR,HTR2A,gpcr,2,proxy,INFLAM,C1CC(=O)NC2=C1C=CC(=C2)OCCN3CCN(CC3)C4=CC=CC=C4,ok,-10.38,True,Pass,same_pdb_surrogate,True,5771466a3df9dfa2,38.0,True
196,Alprazolam,ALPRAZOLAM_GABA_A,4OWE,ALP,GABA_A,ion_channel,1,direct,INFLAM,CC1=CC=C2C(=C1)C(=NC(=N2)C3=CC=CC=C3)C,fail,,,Pipeline-fail,no_route,False,6ecf8e58ccbd2a96,17.4,True
197,Ranitidine,RANITIDINE_HRH2_PROXY,3RSG,FAM,HRH2,gpcr,2,proxy,INFLAM,CN(C)CCS(=O)(=O)C1=CC=C(O1)CNC2=NC=CC(=N2)N,ok,-7.875,True,Pass,same_pdb_surrogate,True,aa226443b3b136b9,30.7,True
198,Mycophenolate,MYCOPHENOLATE_IMPDH,1P5T,MPA,IMPDH,oxidoreductase,1,direct,INFLAM,COC1=C(C=C2C(=C1)C(=O)C(=C(O2)C)C(=O)O)C,fail,,,Pipeline-fail,no_route,False,432330ae5a1e085d,15.3,True
199,Ketoconazole,KETOCONAZOLE_CYP51,5VZA,KET,CYP51,cytochrome_p450,1,direct,INFLAM,CC(=O)N1CCN(CC1)C2=CC=C(C=C2)C3=CC=CC(=C3)OCC4COC(O4)(CN5C=CN=C5)CCl,ok,-8.186,True,Pass,same_pdb_surrogate,True,d8dd99794ecbd86f,54.2,True
200,Voriconazole,VORICONAZOLE_CYP51,4WMZ,VOR,CYP51,cytochrome_p450,1,direct,INFLAM,C[C@@H](C1=NC=NC=C1F)[C@H](C2=CC=C(F)C=C2F)O,ok,-7.283,True,Pass,cross_pdb_proxy,True,351133a06b773a95,36.0,True
201,Zanubrutinib,ZANUBRUTINIB_BTK,7F4I,ZAN,BTK,kinase,1,direct,ONCO_CV,C1=CC(=CC=C1C2=NC(=CN2)C3=CC(=C(C=C3)OC)OC)C(=O)NC4=CC=CC=C4,ok,-6.466,True,Pass,same_pdb_surrogate,True,e444705c43935386,106.1,True
202,Erdafitinib,ERDAFITINIB_FGFR,5EW3,ERD,FGFR1,kinase,1,direct,ONCO_CV,COC1=CC(=CC(=C1)NC2=NC=CC(=N2)C3=CN(C4=CC=CC=C43)C)C(=O)N,ok,-9.381,True,Pass,same_pdb_surrogate,True,566c4e4dc8fa73a6,44.6,True
203,Pemigatinib,PEMIGATINIB_FGFR,5EW8,PEM,FGFR1,kinase,1,direct,ONCO_CV,CC(C)OC1=CC(=CC(=C1)NC2=NC=CC(=N2)C3=CN(C4=CC=CC=C43)C)C(=O)N,ok,-8.858,True,Pass,same_pdb_surrogate,True,52f8ec0459ee14e8,73.8,True
204,Tepotinib,TEPOTINIB_MET,4O1B,TEP,MET,kinase,1,direct,ONCO_CV,CC1=CC(=CC(=C1)C2=CC(=NN2)C3=CC(=C(C=C3)Cl)C(F)(F)F)C(=O)N[C@@H]4CCN(CC4)C,ok,-9.34,True,Pass,cross_pdb_proxy,True,7add7bd94a053085,109.5,True
205,Belzutifan,BELZUTIFAN_HIF2A,5GS8,BEL,HIF2A,nuclear_receptor,1,direct,ONCO_CV,CC1=CC(=CC(=C1)C2=CC(=NN2)C3=CC(=C(C=C3)Cl)C(F)(F)F)C(=O)N[C@@H]4CCN(CC4)C,fail,,,Pipeline-fail,no_route,False,e11bc316f93bf421,27.8,True
206,Fulvestrant,FULVESTRANT_ESR1,3ERR,FUL,ESR1,nuclear_receptor,1,direct,ONCO_CV,CCCCCCCCCCCCCCCC(=O)NC1=CC=C(C=C1)C2=CC(=O)C3=C(C=C(C=C3O2)O)O,ok,-7.226,True,Pass,same_pdb_surrogate,True,e323ebe204b456ab,140.7,True
207,Raloxifene,RALOXIFENE_ESR1,3ERR,RAL,ESR1,nuclear_receptor,1,direct,ONCO_CV,C1CCN(CC1)CC2=CC=C(C=C2)C3=C(C(=O)C4=CC=CC=C4O3)C5=CC=C(C=C5)O,ok,-8.474,True,Pass,cross_pdb_proxy,True,ec16642429c6043a,66.1,True
208,Pazopanib,PAZOPANIB_VEGFR2,4G0Z,PAZ,VEGFR2,kinase,1,direct,ONCO_CV,CC1=C(C=C(C=C1)NC2=NC=CC(=N2)C3=CC=CC(=C3)S(=O)(=O)N4CCN(CC4)C)C,ok,-7.655,True,Pass,same_pdb_surrogate,True,6212be320adaecbd,49.0,True
209,Tucatinib,TUCATINIB_HER2,5UG8,TUC,ERBB2,kinase,1,direct,ONCO_CV,CC1=CC(=CC(=C1)C2=CC(=NN2)C3=CC(=C(C=C3)Cl)C(F)(F)F)C(=O)N[C@@H]4CCN(CC4)C,ok,-10.6,True,Pass,same_pdb_surrogate,True,e3b196bab4c5071e,53.3,True
210,Pyrotinib,PYROTINIB_EGFR,5NIY,PYR,EGFR,kinase,1,direct,ONCO_CV,CC1=CC(=CC(=C1)C2=CC(=NN2)C3=CC(=C(C=C3)Cl)C(F)(F)F)C(=O)N[C@@H]4CCN(CC4)C,ok,-7.517,True,Pass,same_pdb_surrogate,True,48c5d3a749f7dce0,57.1,True
211,Perindopril,PERINDOPRIL_ACE_PROXY,1O86,LIS,ACE,metalloprotease,2,proxy,METABOLIC,C1CCCN(C1)C(=O)[C@H](CCC2=CC=CC=C2)NC(=O)OCC,ok,-7.757,True,Pass,same_pdb_surrogate,True,4b0d7e2370894b62,65.0,True
212,Methimazole,METHIMAZOLE_TPO,3ZGS,MMI,TPO,oxidoreductase,1,direct,METABOLIC,CC1=NC(=CS1)N,fail,,,Pipeline-fail,no_route,False,189ddbd28e5ff5cd,53.6,True
213,Propylthiouracil,PROPYLTHIOURACIL_TPO_PROXY,3ZGS,MMI,TPO,oxidoreductase,2,proxy,METABOLIC,CCC1=CC(=O)NC(=S)N1,fail,,,Pipeline-fail,no_route,False,2764198d0ed84579,53.6,True
214,Tolbutamide,TOLBUTAMIDE_KATP_PROXY,3SYQ,GBL,KATP,ion_channel,2,proxy,METABOLIC,CCCCNC(=O)C1=CC=C(C=C1)S(=O)(=O)N,ok,-5.62,False,QC-flagged,same_pdb_surrogate,True,ad668ed9b0ac4840,55.3,True
215,Chlorpropamide,CHLORPROPAMIDE_KATP_PROXY,3SYQ,GBL,KATP,ion_channel,2,proxy,METABOLIC,CN(C)C(=O)C1=CC=C(C=C1)S(=O)(=O)NC(=O)NCCC2=CC=CC=C2Cl,ok,-7.835,True,Pass,same_pdb_surrogate,True,79763b3cfb8576a9,62.0,True
216,Bezafibrate,BEZAFIBRATE_PPARALPHA_PROXY,1K74,544,PPARA,nuclear_receptor,2,proxy,METABOLIC,CC(C)(OC1=CC=C(C=C1)C(=O)C2=CC=C(C=C2)Cl)C(=O)O,ok,-7.702,True,Pass,direct_ok,False,b6f5179e53d884b6,57.5,True
217,Metolazone,METOLAZONE_CA2_PROXY,3HS4,AZM,CA2,metalloenzyme,2,proxy,METABOLIC,CC1=NC2=C(C=C1)C=CC(=C2C3=CC=C(C=C3)S(=O)(=O)N)Cl,ok,-7.315,True,Pass,direct_ok,False,4c7b18e5f047b123,44.7,True
218,Torsemide,TORSEMIDE_SLC12A_PROXY,3HS4,AZM,SLC12A1,membrane_transporter,2,proxy,METABOLIC,CC1=NC(=CS1)C(=O)NCCC2=CC=C(C=C2)S(=O)(=O)N,ok,-6.888,True,Pass,direct_ok,False,cfd352402a4486ca,61.5,True
219,Metoclopramide,METOCLOPRAMIDE_DRD2_PROXY,6CM4,8NU,DRD2,gpcr,2,proxy,METABOLIC,C1CCN(CC1)C(=O)C2=CC=C(C=C2)N,ok,-7.97,True,Pass,direct_ok,False,01ef7d190d9c76dc,38.9,True
220,Dulaglutide,DULAGLUTIDE_GLP1R,6X18,SEM,GLP1R,gpcr,2,proxy,METABOLIC,NCCCCC(N)C(=O)O,fail,,,Pipeline-fail,no_route,False,41fcdb06ce97084b,125.8,True
221,Diazepam,DIAZEPAM_GABA_A,4OWE,ALP,GABA_A,ion_channel,2,proxy,INFLAM,CN1C(=O)CN=C(C2=CC=CC=C21)C3=CC=CC=C3,fail,,,Pipeline-fail,no_route,False,833be365702597aa,22.0,True
222,Baclofen,BACLOFEN_GABA_B,4WNC,BAC,GABA_B,gpcr,1,direct,INFLAM,C1=CC(=C(C=C1)Cl)C(CC(=O)O)N,ok,-5.915,False,QC-flagged,same_pdb_surrogate,True,2f059f57261812c4,478.9,True
223,Tizanidine,TIZANIDINE_ADRA2A_PROXY,6KUX,TIZ,ADRA2A,gpcr,2,proxy,INFLAM,C1=CC(=C(C=C1Cl)Cl)C2=NC3=C(N2)C=CC(=C3Cl)N,ok,-8.891,True,Pass,same_pdb_surrogate,True,eeecf39eb8681da9,41.6,True
224,Azathioprine,AZATHIOPRINE_TPMT,2H11,AZA,TPMT,transferase,1,direct,INFLAM,CN1C=NC2=C1C(=O)N(C(=O)N2C)C3=CC=C(C=C3)SCC4=NC=CS4,ok,-7.775,True,Pass,same_pdb_surrogate,True,792c9c133cc93d44,61.7,True
225,Penicillin G,PENICILLIN_G_PBP,1PWP,PG2,PBP,hydrolase,1,direct,INFLAM,CC1(C(N2C(S1)C(C2=O)NC(=O)CC3=CC=CC=C3)C(=O)O)O,ok,-6.676,True,Pass,same_pdb_surrogate,True,1f6778c2b6768b53,92.3,True
226,Ampicillin,AMPICILLIN_PBP_PROXY,1PWP,PG2,PBP,hydrolase,2,proxy,INFLAM,CC1(C(N2C(S1)C(C2=O)NC(=O)C(C3=CC=CC=C3)N)C(=O)O)O,ok,-7.221,True,Pass,same_pdb_surrogate,True,b5f89e224fe1a675,93.8,True
227,Posaconazole,POSACONAZOLE_CYP51,5VZA,POS,CYP51,cytochrome_p450,2,proxy,INFLAM,CC[C@H](C1=NC=NC=C1F)[C@H](C2=CC=C(F)C=C2F)O,ok,-7.185,True,Pass,same_pdb_surrogate,True,baf146a76de3b9e7,46.7,True
228,Acyclovir,ACYCLOVIR_DNA_POL,2GV9,ACV,DNA_POL,transferase,1,direct,INFLAM,C1=NC2=C(N1COCCO)N=CN=C2N,fail,,,Pipeline-fail,no_route,False,6a3f1e2bd26f0c97,218.7,True
229,Levocetirizine,LEVOCETIRIZINE_HRH1,3RZE,CET,HRH1,gpcr,1,direct,INFLAM,C1=CC(=CC=C1)C(CN2CCN(CC2)C(=O)O)C3=CC=CC=C3Cl,ok,-9.881,False,QC-flagged,same_pdb_surrogate,True,de6c2abe2485c017,59.9,True
230,Methylprednisolone,METHYLPREDNISOLONE_NR3C1_PROXY,1M2Z,DEX,NR3C1,nuclear_receptor,2,proxy,INFLAM,CC1=C(C(=O)C2=C(C1=O)C=CC3C2CCC4(C3CCC4(C)O)C)C(=O)CO,ok,-9.815,False,QC-flagged,direct_ok,False,fae5ff81a5fdcac5,65.4,True
231,Sirolimus,SIROLIMUS_MTOR,4JT6,RAP,MTOR,kinase,1,direct,ONCO_CV,C[C@@H]1CC[C@H]([C@H]([C@H]1OC)OC)C(=O)C(=O)N2CCCC[C@H]2C(=O)O,ok,-5.958,False,QC-flagged,cross_pdb_proxy,True,dc8e109976c1c8e8,207.9,True
232,Temsirolimus,TEMSIROLIMUS_MTOR_PROXY,4JT6,EVL,MTOR,kinase,2,proxy,ONCO_CV,C[C@@H]1CC[C@H]([C@H]([C@H]1OC)OC)C(=O)C(=O)N2CCCC[C@H]2C(=O)O,ok,-5.894,False,QC-flagged,same_pdb_surrogate,True,27d29ae4fa03abdf,214.4,True
233,Gilteritinib,GILTERITINIB_FLT3,4RK8,GIL,FLT3,kinase,1,direct,ONCO_CV,CC1=CC(=CC(=C1)C2=CC(=NN2)C3=CC(=C(C=C3)Cl)C(F)(F)F)C(=O)N[C@@H]4CCN(CC4)C,ok,-11.15,True,Pass,same_pdb_surrogate,True,de3298d15b5883ec,65.4,True
234,Ivosidenib,IVOSIDENIB_IDH1,6VAM,IVO,IDH1,oxidoreductase,1,direct,ONCO_CV,CC1=CC(=CC(=C1)C2=CC(=NN2)C3=CC(=C(C=C3)Cl)C(F)(F)F)C(=O)N[C@@H]4CCN(CC4)C,fail,,,Pipeline-fail,no_route,False,8636e9fc14b99875,165.0,True
235,Enasidenib,ENASIDENIB_IDH2,5I96,ENA,IDH2,oxidoreductase,1,direct,ONCO_CV,CC1=CC(=CC(=C1)C2=CC(=NN2)C3=CC(=C(C=C3)Cl)C(F)(F)F)C(=O)N[C@@H]4CCN(CC4)C,ok,-7.399,False,QC-flagged,same_pdb_surrogate,True,e1789ef0f9f07898,109.2,True
236,Ivacaftor,IVACAFTOR_CFTR,6MSM,IVA,CFTR,ion_channel,1,direct,ONCO_CV,CC(C)C1=CC(=C(C=C1)C(C)C(=O)NC2=CC(=C(C=C2)C(F)(F)F)C3=CC=CC=C3)O,ok,-9.756,True,Pass,same_pdb_surrogate,True,36bcbcdf130cff77,87.8,True
237,Fruquintinib,FRUQUINTINIB_VEGFR,4ASD,FRU,VEGFR1,kinase,1,direct,ONCO_CV,CC1=CC(=CC(=C1)C2=CC(=NN2)C3=CC(=C(C=C3)Cl)C(F)(F)F)C(=O)N[C@@H]4CCN(CC4)C,ok,-11.18,True,Pass,cross_pdb_proxy,True,4ea0386b2b882be4,49.1,True
238,Apatinib,APATINIB_VEGFR2,5HI3,APA,VEGFR2,kinase,1,direct,ONCO_CV,CC1=CC(=CC(=C1)NC2=NC=CC(=N2)C3=CC=CC(=C3)S(=O)(=O)N4CCN(CC4)C)C,ok,-10.24,True,Pass,same_pdb_surrogate,True,58861ec5dfb61c5a,122.0,True
239,Midazolam,MIDAZOLAM_CYP3A4,4K9T,MID,CYP3A4,cytochrome_p450,1,direct,ONCO_CV,CC1=CC=C2C(=C1)C(=NC3=C2C=CN3C)C4=CC=CC=C4Cl,ok,-8.778,True,Pass,same_pdb_surrogate,True,0a8acb0863b3179a,34.3,True
240,Nitroglycerin,NITROGLYCERIN_NOS_PROXY,1M9C,NGN,NOS1,oxidoreductase,2,proxy,ONCO_CV,C(C(CO[N+](=O)[O-])O[N+](=O)[O-])O[N+](=O)[O-],fail,,,Pipeline-fail,no_route,False,1913832484865c7f,26.8,True
241,Liraglutide,LIRAGLUTIDE_GLP1R_PROXY,6X18,SEM,GLP1R,gpcr,2,proxy,METABOLIC,NCCCCC(N)C(=O)O,fail,,,Pipeline-fail,no_route,False,504d64721ffb03e0,111.2,True
242,Clofibrate,CLOFIBRATE_PPARALPHA_PROXY,1K74,544,PPARA,nuclear_receptor,2,proxy,METABOLIC,CCOC(=O)C(C)(C)OC1=CC=C(C=C1)C(=O)C2=CC=CC=C2Cl,ok,-7.882,True,Pass,direct_ok,False,a25d1496913fdf3c,57.9,True
243,Nicotine,NICOTINE_NACHR,4EY7,NIC,CHRNA4,ion_channel,1,direct,METABOLIC,CN1CCC[C@H]1C2=CN=CC=C2,ok,-6.794,True,Pass,same_pdb_surrogate,True,1dee60469ae23573,102.6,True
244,Gliclazide,GLICLAZIDE_KATP_PROXY,3SYQ,GBL,KATP,ion_channel,2,proxy,METABOLIC,CC1=CC=C(C=C1)S(=O)(=O)NC(=O)NN2CCCCCC2,ok,-4.844,False,QC-flagged,same_pdb_surrogate,True,89dc10b18ac0a169,75.9,True
245,Domperidone,DOMPERIDONE_DRD2_PROXY,6CM4,8NU,DRD2,gpcr,2,proxy,METABOLIC,ClC1=CC2=C(C=C1)N(C3=CC=CC=C3N2)CCCN4CCN(CC4)C,ok,-8.566,True,Pass,direct_ok,False,dba3e8510cc5eb0b,47.7,True
246,Lithium,LITHIUM_IMPASE_PROXY,1W7O,LIT,IMPase,hydrolase,2,proxy,METABOLIC,[Li+],fail,,,Pipeline-fail,same_pdb_surrogate,True,09fe2fd97e616548,4.5,True
247,Sulfasalazine,SULFASALAZINE_DHFR_PROXY,2W9G,TMP,DHFR,oxidoreductase,2,proxy,METABOLIC,C1=CC(=CC=C1N)S(=O)(=O)NC2=NC=CC(=N2)C3=CC=CC=C3C(=O)O,ok,-9.214,True,Pass,same_pdb_surrogate,True,0fafb4192b85f101,47.0,True
248,Mesalamine,MESALAMINE_COX2_PROXY,5IKT,TLF,COX2,cyclooxygenase,2,proxy,METABOLIC,C1=CC(=C(C=C1N)O)C(=O)O,ok,-6.233,False,QC-flagged,direct_ok,False,f11a959b5ab4edd1,147.7,True
249,Ursodeoxycholic acid,URSODIOL_FXR,3OLF,UDC,FXR,nuclear_receptor,1,direct,METABOLIC,C[C@H](CCC(=O)O)[C@H]1CC[C@@H]2[C@@]1(CC[C@H]3[C@H]2CC[C@H]4[C@@]3(CC[C@H](C4)O)C)C,ok,-8.659,False,QC-flagged,same_pdb_surrogate,True,143903f265aadfd5,59.4,True
250,Minoxidil,MINOXIDIL_KATP_PROXY,3SYQ,GBL,KATP,ion_channel,2,proxy,METABOLIC,C1=CC(=C(NC(=N1)N)N)N2CCOCC2,ok,-4.934,False,QC-flagged,same_pdb_surrogate,True,efb0c36c9b214b88,55.9,True
251,Etodolac,ETODOLAC_COX2_PROXY,5IKR,ID8,COX2,cyclooxygenase,2,proxy,INFLAM,CCC1=C(C(=CC=C1)CC)C(=O)O,ok,-6.645,True,Pass,direct_ok,False,c5e1048797eaa84f,80.2,True
252,Itraconazole,ITRACONAZOLE_CYP51_PROXY,5VZA,KET,CYP51,cytochrome_p450,2,proxy,INFLAM,CC[C@H](C1=NC=NC=C1F)[C@H](C2=CC=C(F)C=C2F)O,ok,-7.163,True,Pass,same_pdb_surrogate,True,37245961959c1916,39.3,True
253,Ganciclovir,GANCICLOVIR_DNA_POL_PROXY,2GV9,ACV,DNA_POL,transferase,2,proxy,INFLAM,C1=NC2=C(N1COCCO)N=C(N=C2N)N,fail,,,Pipeline-fail,no_route,False,e86dcebd277f3e07,211.7,True
254,Remdesivir,REMDESIVIR_RDRP,7BV2,REM,RDRP,transferase,1,direct,INFLAM,CCC(CC)COC(=O)C(C)NP(=O)(OC1C(C(C(OC1N2C=CC(=O)NC2=O)CO)O)O)OC3=CC=CC=C3,ok,-7.193,True,Pass,same_pdb_surrogate,True,2c0cd82e73413bff,250.5,True
255,Sofosbuvir,SOFOSBUVIR_NS5B,4RXA,SOF,NS5B,transferase,1,direct,INFLAM,C[C@H](C(=O)OC(C)C)N[P@](=O)(OC[C@H]1O[C@@H](N2C=CC(=O)NC2=O)[C@H]([C@@H]1O)F)OC3=CC=CC=C3,ok,-7.661,True,Pass,same_pdb_surrogate,True,15b6aa5612103331,121.3,True
256,Ribavirin,RIBAVIRIN_RDRP,7BV2,RIB,RDRP,transferase,1,direct,INFLAM,C1=NC(=NN1C2C(C(C(O2)CO)O)O)C(=O)N,ok,-6.286,False,QC-flagged,cross_pdb_proxy,True,d6f47182d567bf81,100.2,True
257,Diphenhydramine,DIPHENHYDRAMINE_HRH1_PROXY,3RZE,CET,HRH1,gpcr,2,proxy,INFLAM,CN(C)CCOC(C1=CC=CC=C1)C2=CC=CC=C2,ok,-9.328,False,QC-flagged,same_pdb_surrogate,True,2355fa00ecfea6e4,57.5,True
258,Loratadine,LORATADINE_HRH1_PROXY,3RZE,CET,HRH1,gpcr,2,proxy,INFLAM,CCOC(=O)N1CCC(=C1)C2=CC=C(C=C2)C3=CC=CC=C3Cl,ok,-8.662,True,Pass,same_pdb_surrogate,True,4e7bd0592b09b10f,51.2,True
259,Hydroxyzine,HYDROXYZINE_HRH1_PROXY,3RZE,CET,HRH1,gpcr,2,proxy,INFLAM,C1=CN=CC=C1C(=O)OCCN2CCN(CC2)CC3=CC=C(C=C3)Cl,ok,-8.181,True,Pass,same_pdb_surrogate,True,447cfcc552ea2c9e,60.2,True
260,Doxepin,DOXEPIN_SERT_PROXY,5I6X,8PR,SERT,membrane_transporter,2,proxy,INFLAM,CN(C)CC/C=C\C1=C2C=CC=CC2=CC3=CC=CC=C31,ok,-8.845,True,Pass,direct_ok,False,48be91b669101f47,114.1,True
261,Tezacaftor,TEZACAFTOR_CFTR_PROXY,6MSM,IVA,CFTR,ion_channel,2,proxy,ONCO_CV,CC1=CC(=CC(=C1)C2=CC(=NN2)C3=CC(=C(C=C3)Cl)C(F)(F)F)C(=O)N[C@@H]4CCN(CC4)C,ok,-10.5,False,QC-flagged,same_pdb_surrogate,True,3530485a1aab419e,51.2,True
262,Alpelisib,ALPELISIB_PIK3CA,4JPS,ALP,PIK3CA,kinase,1,direct,ONCO_CV,CC1=CC(=CC(=C1)C2=CC(=NN2)C3=CC(=C(C=C3)Cl)C(F)(F)F)C(=O)N[C@@H]4CCN(CC4)C,ok,-9.738,True,Pass,same_pdb_surrogate,True,79761ce01604587a,99.1,True
263,Capivasertib,CAPIVASERTIB_AKT,4EJN,CPV,AKT1,kinase,1,direct,ONCO_CV,CC1=CC(=CC(=C1)C2=CC(=NN2)C3=CC(=C(C=C3)Cl)C(F)(F)F)C(=O)N[C@@H]4CCN(CC4)C,ok,-11.66,True,Pass,same_pdb_surrogate,True,511f6ab203530187,38.9,True
264,Copanlisib,COPANLISIB_PIK3CA,4JPS,COP,PIK3CA,kinase,1,direct,ONCO_CV,CC1=CC(=CC(=C1)C2=CC(=NN2)C3=CC(=C(C=C3)Cl)C(F)(F)F)C(=O)N[C@@H]4CCN(CC4)C,ok,-9.782,True,Pass,cross_pdb_proxy,True,6b8bdb7c1f292157,91.8,True
265,Bosentan,BOSENTAN_ETRA,1X9R,BOS,EDNRA,gpcr,1,direct,ONCO_CV,COC1=CC(=CC(=C1)OC)C2=NC(=NC(=N2)C3=CC=CC=C3)NC(=O)C4=CC=C(C=C4)S(=O)(=O)N5CCCCC5,fail,,,Pipeline-fail,no_route,False,66cbbec794b83d01,15.1,True
266,Isosorbide mononitrate,ISOSORBIDE_MONONITRATE_NOS_PROXY,1M9C,NGN,NOS1,oxidoreductase,2,proxy,ONCO_CV,C1C(C(C(C1O)O)O)O[N+](=O)[O-],fail,,,Pipeline-fail,no_route,False,7a9d585dc5ec33da,16.0,True
267,Riociguat,RIOCIGUAT_SGC,3RZT,RIO,GUCY1A1,oxidoreductase,1,direct,ONCO_CV,C1=CC(=C(C=C1C2=CC(=NN2)C3=CC=CC=N3)C(=O)N)N,fail,,,Pipeline-fail,no_route,False,2561fcf1f31376fe,11.0,True
268,Entinostat,ENTINOSTAT_HDAC_PROXY,4LXZ,SHH,HDAC2,histone_deacetylase,2,proxy,ONCO_CV,C1=CC(=CC=C1CNC(=O)C2=CC=C(C=C2)C(=O)NO)C(=O)NO,ok,-7.24,True,Pass,direct_ok,False,2c8b30fd707da16b,83.9,True
269,Olmutinib,OLMUTINIB_EGFR,5HG8,OLM,EGFR,kinase,1,direct,ONCO_CV,CC1=CC(=CC(=C1)C2=CC(=NN2)C3=CC(=C(C=C3)Cl)C(F)(F)F)C(=O)N[C@@H]4CCN(CC4)C,ok,-9.434,True,Pass,same_pdb_surrogate,True,a98198371dae70c7,37.4,True
270,Sotorasib,SOTORASIB_KRAS,6OIM,SOT,KRAS,gtpase,1,direct,ONCO_CV,CC1=CC(=CC(=C1)C2=CC(=NN2)C3=CC(=C(C=C3)Cl)C(F)(F)F)C(=O)N[C@@H]4CCN(CC4)C,ok,-9.311,True,Pass,same_pdb_surrogate,True,fba66bc60834fab3,40.1,True
271,Liothyronine,LIOTHYRONINE_THRB_PROXY,1NAV,T3,THRB,nuclear_receptor,2,proxy,METABOLIC,C1=C(C(=C(C(=C1I)O)I)I)CC(C(=O)O)N,ok,-4.804,False,QC-flagged,same_pdb_surrogate,True,43015da71d72e123,30.9,True
272,Cimetidine,CIMETIDINE_HRH2_PROXY,3RSG,FAM,HRH2,gpcr,2,proxy,METABOLIC,CN/C(=N\C#N)NCCC1=CSC=N1,ok,-6.292,True,Pass,same_pdb_surrogate,True,13eaca33f88afc45,20.4,True
273,Acetohexamide,ACETOHEXAMIDE_KATP_PROXY,3SYQ,GBL,KATP,ion_channel,2,proxy,METABOLIC,CC1=CC=C(C=C1)S(=O)(=O)NC(=O)NC2CCCCC2,ok,-6.873,True,Pass,same_pdb_surrogate,True,4743e614e20f64e0,31.9,True
274,Phenformin,PHENFORMIN_AMPK_PROXY,4CFE,992,AMPK,kinase,2,proxy,METABOLIC,C1=CC=C(C=C1)CC(=O)NC(=N)N,ok,-7.337,True,Pass,direct_ok,False,98278d994c6338a6,114.3,True
275,Glucagon,GLUCAGON_GCGR,4L6R,GLU,GCGR,gpcr,1,direct,METABOLIC,NCCCCC(N)C(=O)O,fail,,,Pipeline-fail,no_route,False,9c90bb28d801b87f,18.7,True
276,Insulin glargine,INSULIN_GLARGINE_INSR_PROXY,4OGA,INS,INSR,kinase,2,proxy,METABOLIC,NCCCCC(N)C(=O)O,fail,,,Pipeline-fail,no_route,False,a4e67d5cbf984391,29.3,True
277,Phenprocoumon,PHENPROCOUMON_VKOR_PROXY,6WV3,SWF,VKOR,oxidoreductase,2,proxy,METABOLIC,CC1=CC(=CC(=C1)C2=C(C(=O)OC2)C3=CC=CC=C3)C(=O)O,ok,-10.29,True,Pass,direct_ok,False,45e84fd98d1905b4,28.9,True
278,Ethinyl estradiol,ETHINYL_ESTRADIOL_ESR1,3ERT,4HT,ESR1,nuclear_receptor,2,proxy,METABOLIC,C[C@]12CC[C@H]3[C@H]([C@@H]1CC[C@@H]2O)CCC4=C3C=CC(=C4)O,ok,-9.275,True,Pass,same_pdb_surrogate,True,7c115938fa64ac20,24.9,True
279,Medroxyprogesterone,MEDROXYPROGESTERONE_PGR,1A28,PRG,PGR,nuclear_receptor,1,direct,METABOLIC,CC(=O)C1CCC2C1(CCC3C2CCC4=CC(=O)CCC34C)C,ok,-9.921,True,Pass,same_pdb_surrogate,True,d52b1b7c0313bded,28.7,True
280,Norethindrone,NORETHINDRONE_PGR_PROXY,1A28,PRG,PGR,nuclear_receptor,2,proxy,METABOLIC,C[C@]12CC[C@H]3[C@H]([C@@H]1CC[C@@]2(C#C)O)CCC4=CC(=O)CCC34C,ok,-10.23,True,Pass,same_pdb_surrogate,True,f257c27a974b4a40,43.8,True
281,Danazol,DANAZOL_AR,3R5W,ENZ,AR,nuclear_receptor,2,proxy,METABOLIC,C[C@]12CC[C@@H]3c4ccc(cc4CC[C@H]3[C@@H]1CC[C@@]2(O)C#C)C,ok,-8.487,True,Pass,same_pdb_surrogate,True,2b5ab3a317c9a406,71.2,True
282,Fludrocortisone,FLUDROCORTISONE_NR3C2_PROXY,2AA2,SPI,NR3C2,nuclear_receptor,2,proxy,METABOLIC,C[C@]12CC[C@H]3[C@H]([C@@H]1CC[C@]2(C(=O)CO)O)CCC4=CC(=O)CC[C@]34C,ok,-9.599,False,QC-flagged,same_pdb_surrogate,True,e6b135a941ca37d5,24.4,True
283,Cefalexin,CEFALEXIN_PBP_PROXY,1PWP,PG2,PBP,hydrolase,2,proxy,INFLAM,CC1=C(N2[C@H](SC1)C(NC(=O)C3=CC=CC=C3)C2=O)C(=O)O,ok,-7.346,True,Pass,same_pdb_surrogate,True,ab55a9f5339f9d88,52.6,True
284,Cefazolin,CEFAZOLIN_PBP_PROXY,1PWP,PG2,PBP,hydrolase,2,proxy,INFLAM,CC1=C(N2[C@H](SC1)C(NC(=O)C3=CC=CC=C3)C2=O)C(=O)O,ok,-7.018,True,Pass,same_pdb_surrogate,True,3752b13370d32439,53.2,True
285,Dicloxacillin,DICLOXACILLIN_PBP_PROXY,1PWP,PG2,PBP,hydrolase,2,proxy,INFLAM,CC1=C(N2[C@H](SC1)C(NC(=O)C3=CC=CC=C3)C2=O)C(=O)O,ok,-7.384,True,Pass,same_pdb_surrogate,True,90a22c096024d34d,64.5,True
286,Tetracycline,TETRACYCLINE_RIBOSOME,1HNW,DOX,RIBOSOME_30S,ribosome,2,proxy,INFLAM,CC1=C(C(=O)C2=C(C1=O)C(=O)C3=C(C2=O)C(=C(C=C3O)O)N(C)C)O,ok,-4.556,False,QC-flagged,same_pdb_surrogate,True,e6455e277afcf288,199.8,True
287,Erythromycin,ERYTHROMYCIN_RIBOSOME,1YIJ,CLR,RIBOSOME_50S,ribosome,2,proxy,INFLAM,CC[C@H]1OC(=O)[C@H](C)[C@@H](O[C@H]2C[C@@]([C@H]([C@@H](O[C@H]3C[C@@H]([C@H]([C@@H](O[C@H]4CC[C@H]([C@H]([C@@H](O4)C)O)OC)C)O[C@H]5C[C@@H]([C@H]([C@@H](O5)C)O)OC)C)O[C@H]6C[C@@H]([C@H]([C@@H](O6)C)O)OC)C)O[C@H]7C[C@@H]([C@H]([C@@H](O7)C)O)OC)C)O[C@H]8C[C@@H]([C@H]([C@@H](O8)C)O)OC)C)O2)C,fail,,,Pipeline-fail,same_pdb_surrogate,True,cd724b08b3d75a8b,0.4,
288,Gentamicin,GENTAMICIN_RIBOSOME,1HNW,DOX,RIBOSOME_30S,ribosome,2,proxy,INFLAM,CN[C@@H]1[C@@H](O)[C@H](O)[C@@H](CO)O[C@H]1O[C@H]2[C@@H](O)[C@H](N)C[C@H](N)[C@H]2O,ok,-4.464,False,QC-flagged,same_pdb_surrogate,True,ee964b763fdfaa00,211.1,True
289,Streptomycin,STREPTOMYCIN_RIBOSOME,1HNW,DOX,RIBOSOME_30S,ribosome,2,proxy,INFLAM,CN[C@H]1[C@H](O)[C@@H](O)[C@H](CO)O[C@H]1O[C@H]2[C@@H](O)[C@H](N)C[C@H](N)[C@H]2O,ok,-4.144,False,QC-flagged,same_pdb_surrogate,True,9fc60a43f72b421b,204.2,True
290,Tobramycin,TOBRAMYCIN_RIBOSOME,1HNW,DOX,RIBOSOME_30S,ribosome,2,proxy,INFLAM,CN[C@H]1[C@H](O)[C@@H](O)[C@H](CO)O[C@H]1O[C@H]2[C@@H](O)[C@H](N)C[C@H](N)[C@H]2O,ok,-4.12,False,QC-flagged,same_pdb_surrogate,True,77a2ba15b637b213,234.2,True
291,Meropenem,MEROPENEM_PBP_PROXY,1PWP,PG2,PBP,hydrolase,2,proxy,INFLAM,CC1=C(N2[C@H](SC1)C(NC(=O)C3=CC=CC=C3)C2=O)C(=O)O,ok,-7.35,True,Pass,same_pdb_surrogate,True,078e02157d4957e2,56.9,True
292,Imipenem,IMIPENEM_PBP_PROXY,1PWP,PG2,PBP,hydrolase,2,proxy,INFLAM,CC1=C(N2[C@H](SC1)C(NC(=O)C3=CC=CC=C3)C2=O)C(=O)O,ok,-7.371,True,Pass,same_pdb_surrogate,True,6cc9a6746b36d3cb,56.4,True
293,Amikacin,AMIKACIN_RIBOSOME,1HNW,DOX,RIBOSOME_30S,ribosome,2,proxy,INFLAM,CN[C@H]1[C@H](O)[C@@H](O)[C@H](CO)O[C@H]1O[C@H]2[C@@H](O)[C@H](N)C[C@H](N)[C@H]2O,ok,-4.175,False,QC-flagged,same_pdb_surrogate,True,1bff5e84461d89a3,246.4,True
294,Cobimetinib,COBIMETINIB_MEK1,4AN2,COB,MEK1,kinase,1,direct,ONCO_CV,CC1=CC(=CC(=C1)C2=CC(=NN2)C3=CC(=C(C=C3)Cl)C(F)(F)F)C(=O)N[C@@H]4CCN(CC4)C,ok,-10.57,True,Pass,same_pdb_surrogate,True,e2e573d58d64d84a,33.6,True
295,Binimetinib,BINIMETINIB_MEK1,3ORX,BIN,MEK1,kinase,1,direct,ONCO_CV,CC1=CC(=CC(=C1)C2=CC(=NN2)C3=CC(=C(C=C3)Cl)C(F)(F)F)C(=O)N[C@@H]4CCN(CC4)C,ok,-7.117,True,Pass,same_pdb_surrogate,True,835a930be8102c74,184.2,True
296,Vismodegib,VISMODEGIB_SMO,4I72,VIS,SMO,gpcr,1,direct,ONCO_CV,CC1=CC(=CC(=C1)C2=CC(=NN2)C3=CC(=C(C=C3)Cl)C(F)(F)F)C(=O)N[C@@H]4CCN(CC4)C,ok,-8.668,True,Pass,same_pdb_surrogate,True,c22de7fd969e419a,85.0,True
297,Sonidegib,SONIDEGIB_SMO,4N82,SON,SMO,gpcr,1,direct,ONCO_CV,CC1=CC(=CC(=C1)C2=CC(=NN2)C3=CC(=C(C=C3)Cl)C(F)(F)F)C(=O)N[C@@H]4CCN(CC4)C,ok,-10.95,True,Pass,same_pdb_surrogate,True,f6f6ad353a693b26,59.0,True
298,Adagrasib,ADAGRASIB_KRAS,6UT0,ADG,KRAS,gtpase,1,direct,ONCO_CV,CC1=CC(=CC(=C1)C2=CC(=NN2)C3=CC(=C(C=C3)Cl)C(F)(F)F)C(=O)N[C@@H]4CCN(CC4)C,ok,-10.64,True,Pass,same_pdb_surrogate,True,255d5569e8304bed,108.7,True
299,Mobocertinib,MOBOCERTINIB_EGFR,7SIM,MOB,EGFR,kinase,1,direct,ONCO_CV,CC1=CC(=CC(=C1)C2=CC(=NN2)C3=CC(=C(C=C3)Cl)C(F)(F)F)C(=O)N[C@@H]4CCN(CC4)C,ok,-9.172,True,Pass,same_pdb_surrogate,True,eadbeea6ad720387,96.6,True
300,Tivozanib,TIVOZANIB_VEGFR,4ASD,TIV,VEGFR1,kinase,1,direct,ONCO_CV,CC1=CC(=CC(=C1)C2=CC(=NN2)C3=CC(=C(C=C3)Cl)C(F)(F)F)C(=O)N[C@@H]4CCN(CC4)C,ok,-11.08,True,Pass,same_pdb_surrogate,True,af854c719f0c24fd,50.3,True
